customer,state,gender,education,customer_lifetime_value,income,monthly_premium_auto,number_of_open_complaints,policy_type,vehicle_class,total_claim_amount
RB50392,WASHINGTON,,Master,0,0,1000,0,Personal Auto,FOUR-DOOR CAR,2
QZ44356,ARIZONA,F,Bachelor,697953,0,94,0,Personal Auto,FOUR-DOOR CAR,1131
AI49188,NEVADA,F,Bachelor,1288743,48767,108,0,Personal Auto,TWO-DOOR CAR,566
WW63253,CALIFORNIA,M,Bachelor,764586,0,106,0,Corporate Auto,SUV,529
GA49547,WASHINGTON,M,High School or Below,536307,36357,68,0,Personal Auto,FOUR-DOOR CAR,17
OC83172,OREGON,F,Bachelor,825629,62902,69,0,Personal Auto,TWO-DOOR CAR,159
XZ87318,OREGON,F,College,538089,55350,67,0,Corporate Auto,FOUR-DOOR CAR,321
CF85061,ARIZONA,M,Master,721610,0,101,0,Corporate Auto,FOUR-DOOR CAR,363
DY87989,OREGON,M,Bachelor,2412750,14072,71,0,Corporate Auto,FOUR-DOOR CAR,511
BQ94931,OREGON,F,College,738817,28812,93,0,Special Auto,FOUR-DOOR CAR,425
SX51350,CALIFORNIA,M,College,473899,0,67,0,Personal Auto,FOUR-DOOR CAR,482
VQ65197,CALIFORNIA,,College,819719,0,110,0,Personal Auto,SUV,528
DP39365,CALIFORNIA,,Master,879879,77026,110,2,Corporate Auto,FOUR-DOOR CAR,472
SJ95423,ARIZONA,,High School or Below,881901,99845,110,1,Corporate Auto,SUV,528
IL66569,CALIFORNIA,,College,538443,83689,70,2,Corporate Auto,FOUR-DOOR CAR,307
BW63560,OREGON,,Bachelor,746313,24599,64,1,Corporate Auto,FOUR-DOOR CAR,42
FV94802,NEVADA,,High School or Below,256686,25049,67,0,Personal Auto,TWO-DOOR CAR,454
OE15005,CALIFORNIA,,College,394524,28855,101,0,Personal Auto,SUV,647
WC83389,OREGON,,College,571033,51148,72,0,Personal Auto,FOUR-DOOR CAR,308
FL50705,CALIFORNIA,,High School or Below,816261,66140,101,0,Corporate Auto,FOUR-DOOR CAR,484
ZK25313,OREGON,,High School or Below,287205,57749,74,0,Personal Auto,TWO-DOOR CAR,355
QK46697,WASHINGTON,M,Bachelors,617710,61040,79,1,Personal Auto,TWO-DOOR CAR,20
YH23384,ARIZONA,,Bachelor,2412750,14072,71,0,Personal Auto,FOUR-DOOR CAR,511
TZ98966,NEVADA,,Bachelor,245019,0,73,3,Corporate Auto,FOUR-DOOR CAR,554
HM55802,CALIFORNIA,,Bachelor,239210,17870,61,0,Corporate Auto,FOUR-DOOR CAR,439
FS42516,OREGON,,College,580206,97541,72,0,Personal Auto,FOUR-DOOR CAR,389
US89481,CALIFORNIA,,Bachelor,394637,0,111,0,Personal Auto,FOUR-DOOR CAR,799
HS14476,WASHINGTON,M,College,916206,29723,80,0,Personal Auto,FOUR-DOOR CAR,20
GE62437,ARIZONA,,College,1290256,86584,111,2,Personal Auto,FOUR-DOOR CAR,532
EJ77678,OREGON,,Master,323536,75690,80,1,Personal Auto,FOUR-DOOR CAR,384
SV85652,ARIZONA,,College,245458,23158,63,1,Personal Auto,FOUR-DOOR CAR,322
UL64533,NEVADA,,High School or Below,1897545,65999,237,0,Corporate Auto,LUXURY,615
PF41800,CALIFORNIA,,Bachelor,471532,0,65,0,Personal Auto,FOUR-DOOR CAR,308
HD95276,WASHINGTON,F,College,473787,0,130,0,Personal Auto,SUV,23
SK67821,OREGON,,Bachelor,493291,37260,62,0,Corporate Auto,FOUR-DOOR CAR,15
YV55495,ARIZONA,,High School or Below,574422,68987,71,0,Personal Auto,FOUR-DOOR CAR,204
KY38074,CALIFORNIA,,Bachelor,1389173,42305,117,0,Personal Auto,FOUR-DOOR CAR,561
DM79012,OREGON,,Master,738097,65706,91,0,Personal Auto,FOUR-DOOR CAR,436
CM61827,OREGON,,Bachelor,309003,0,90,0,Personal Auto,TWO-DOOR CAR,648
WC35801,ARIZONA,,High School or Below,252163,53243,66,2,Personal Auto,FOUR-DOOR CAR,157
QG25316,NEVADA,,High School or Below,265206,0,70,1,Corporate Auto,TWO-DOOR CAR,484
MB98372,OREGON,,College,277104,50071,71,0,Corporate Auto,TWO-DOOR CAR,18
IL19217,CALIFORNIA,,Bachelor,393900,60021,99,0,Personal Auto,FOUR-DOOR CAR,882
SR38658,ARIZONA,,High School or Below,1223187,43244,103,0,Personal Auto,LUXURY,494
YD87931,WASHINGTON,M,Doctor,495165,46896,35354,1,Personal Auto,FOUR-DOOR CAR,31
HG65722,OREGON,,Doctor,1281910,10105,172,3,Personal Auto,SUV,0
BU27331,ARIZONA,,Bachelor,446851,0,73,3,Personal Auto,FOUR-DOOR CAR,579
XM45289,OREGON,,High School or Below,551434,23218,71,0,Personal Auto,TWO-DOOR CAR,447
KP34198,CALIFORNIA,,Bachelor,334387,0,92,0,Corporate Auto,FOUR-DOOR CAR,529
SH90947,ARIZONA,,High School or Below,229447,0,62,0,Personal Auto,FOUR-DOOR CAR,313
WE95729,OREGON,,College,3670742,24804,104,0,Personal Auto,SUV,593
PY51963,CALIFORNIA,,Bachelor,3347334,33190,106,0,Corporate Auto,SUV,508
RB69909,NEVADA,,High School or Below,798343,36014,69,3,Special Auto,FOUR-DOOR CAR,173
NW21079,WASHINGTON,F,Master,487938,67163,61,2,Personal Auto,TWO-DOOR CAR,33
FR46645,CALIFORNIA,,Bachelor,429399,16701,113,0,Personal Auto,FOUR-DOOR CAR,831
SY17488,ARIZONA,,College,716439,46623,91,0,Corporate Auto,FOUR-DOOR CAR,436
AP67935,CALIFORNIA,,College,761951,64749,64,0,Special Auto,FOUR-DOOR CAR,302
FS37417,ARIZONA,,High School or Below,395800,0,101,0,Personal Auto,SUV,484
ML29312,OREGON,,High School or Below,449949,16969,124,2,Personal Auto,SUV,704
UB61619,OREGON,,Master,405956,11621,108,0,Personal Auto,FOUR-DOOR CAR,518
CD86811,ARIZONA,,Bachelor,445811,17622,65,1,Personal Auto,FOUR-DOOR CAR,312
RU83859,CALIFORNIA,,Bachelor,811033,11489,105,0,Personal Auto,TWO-DOOR CAR,504
FG63582,OREGON,,Bachelor,333976,0,94,0,Personal Auto,TWO-DOOR CAR,863
NN71951,CALIFORNIA,,High School or Below,2426101,66525,100,0,Personal Auto,SUV,104
WB37082,ARIZONA,,Bachelor,661397,0,63,0,Personal Auto,FOUR-DOOR CAR,676
SM52139,WASHINGTON,,College,293069,33663,73,0,Personal Auto,FOUR-DOOR CAR,350
FL82372,OREGON,,College,867219,22547,112,0,Corporate Auto,SUV,537
DP45816,ARIZONA,,High School or Below,1163866,61486,97,0,Personal Auto,TWO-DOOR CAR,465
GW33762,OREGON,,Bachelor,684615,0,95,0,Personal Auto,TWO-DOOR CAR,456
RZ33670,CALIFORNIA,,College,1172777,29879,102,0,Personal Auto,FOUR-DOOR CAR,500
PY70169,OREGON,,High School or Below,2264383,93011,113,0,Personal Auto,SUV,281
MO91628,OREGON,,Master,261447,65186,65,0,Personal Auto,TWO-DOOR CAR,5
HW87852,OREGON,,Master,245175,26840,64,2,Personal Auto,FOUR-DOOR CAR,307
HB20453,OREGON,,Bachelor,678127,0,104,1,Personal Auto,LUXURY,982
BN87372,OREGON,,Bachelor,497480,75644,65,3,Personal Auto,TWO-DOOR CAR,467
YX23800,OREGON,,Bachelor,859160,38984,73,0,Personal Auto,FOUR-DOOR CAR,350
DZ87709,OREGON,,High School or Below,559216,71811,71,0,Personal Auto,FOUR-DOOR CAR,29
XW13033,NEVADA,,College,800947,20961,67,0,Personal Auto,FOUR-DOOR CAR,321
SP81997,WASHINGTON,F,Master,0,41275,96,0,Personal Auto,FOUR-DOOR CAR,41
OM82309,CALIFORNIA,,Bachelor,5816655,61321,186,1,Personal Auto,LUXURY,427
ZU35962,CALIFORNIA,,College,802522,0,77,0,Personal Auto,TWO-DOOR CAR,25
VH85817,CALIFORNIA,,High School or Below,578018,51066,74,0,Personal Auto,FOUR-DOOR CAR,787
DT85712,CALIFORNIA,,Doctor,411853,34378,102,0,Personal Auto,SUV,489
YJ88573,NEVADA,,Master,252307,43072,63,0,Personal Auto,FOUR-DOOR CAR,302
SQ19467,OREGON,,College,655421,25222,90,0,Personal Auto,FOUR-DOOR CAR,475
YB66933,WASHINGTON,F,Bachelor,538275,77552,68,1,Corporate Auto,FOUR-DOOR CAR,45
ET79815,CALIFORNIA,,College,592672,23091,96,5,Personal Auto,FOUR-DOOR CAR,460
QC35222,CALIFORNIA,,Bachelor,268347,48269,69,3,Corporate Auto,FOUR-DOOR CAR,282
CJ15590,OREGON,,Bachelor,269518,32720,67,0,Personal Auto,FOUR-DOOR CAR,321
OI48267,CALIFORNIA,,College,604702,20396,76,1,Personal Auto,FOUR-DOOR CAR,364
JY67916,OREGON,,College,1317101,21513,119,1,Personal Auto,TWO-DOOR CAR,679
OW15518,WASHINGTON,F,College,1595001,0,87,1,Personal Auto,TWO-DOOR CAR,46
CZ33664,OREGON,,Bachelor,252765,80744,63,0,Corporate Auto,FOUR-DOOR CAR,11
WK30175,OREGON,,Bachelor,267209,52822,67,0,Corporate Auto,TWO-DOOR CAR,350
ON44465,CALIFORNIA,,High School or Below,531329,0,77,1,Personal Auto,FOUR-DOOR CAR,863
TV87155,OREGON,,Bachelor,2094619,69738,74,1,Personal Auto,FOUR-DOOR CAR,492
KH48895,ARIZONA,,Master,837535,17780,109,0,Personal Auto,SUV,132
NZ30757,CALIFORNIA,,Bachelor,480166,18107,62,0,Personal Auto,FOUR-DOOR CAR,297
RI22468,ARIZONA,,Bachelor,574594,57740,74,3,Personal Auto,FOUR-DOOR CAR,269
FZ30935,OREGON,,College,606611,32627,76,0,Personal Auto,TWO-DOOR CAR,380
UG93476,CALIFORNIA,,College,800230,0,107,0,Personal Auto,SUV,513
AB96670,CALIFORNIA,,College,239391,0,70,0,Personal Auto,FOUR-DOOR CAR,425
XK64261,OREGON,,Bachelor,476281,65795,62,1,Corporate Auto,TWO-DOOR CAR,49
EV68375,CALIFORNIA,,College,433038,60475,107,0,Personal Auto,FOUR-DOOR CAR,513
UN51653,CALIFORNIA,,High School or Below,940272,0,130,0,Personal Auto,SUV,936
TO96662,OREGON,,Bachelor,696669,41837,88,0,Personal Auto,FOUR-DOOR CAR,142
MR52087,CALIFORNIA,,Bachelor,769406,32303,65,0,Personal Auto,FOUR-DOOR CAR,45
DE75225,OREGON,,High School or Below,871756,0,117,1,Personal Auto,SUV,561
EP80820,CALIFORNIA,,Bachelor,592874,40531,74,0,Personal Auto,TWO-DOOR CAR,30
GU99037,OREGON,,College,245297,79898,62,1,Corporate Auto,FOUR-DOOR CAR,271
WI57118,CALIFORNIA,,College,670157,56398,85,0,Personal Auto,FOUR-DOOR CAR,408
GP39118,WASHINGTON,M,High School or Below,499655,71600,63,0,Personal Auto,TWO-DOOR CAR,46
MQ14219,ARIZONA,,College,849269,27804,109,0,Personal Auto,SUV,784
KN20603,OREGON,,Bachelor,771349,45506,66,2,Personal Auto,FOUR-DOOR CAR,316
SG20925,WASHINGTON,F,Master,518579,99428,6464,1,Personal Auto,FOUR-DOOR CAR,48
JI70886,CALIFORNIA,,High School or Below,729006,0,102,1,Corporate Auto,SUV,489
VF72557,OREGON,,High School or Below,477294,20993,133,0,Personal Auto,SUV,638
OX28638,ARIZONA,,High School or Below,680649,37839,86,0,Personal Auto,TWO-DOOR CAR,465
SK55033,CALIFORNIA,,Bachelor,246978,92711,62,0,Personal Auto,TWO-DOOR CAR,368
OO88645,CALIFORNIA,,College,310392,74665,78,2,Corporate Auto,FOUR-DOOR CAR,236
FM14335,WASHINGTON,F,College,1048491,61108,89,0,Personal Auto,FOUR-DOOR CAR,49
CW82151,CALIFORNIA,,Bachelor,890273,46833,112,0,Personal Auto,LUXURY,64
DY22043,OREGON,,High School or Below,549944,88768,68,0,Personal Auto,TWO-DOOR CAR,326
SH36774,CALIFORNIA,,High School or Below,1502359,28262,192,0,Personal Auto,LUXURY,921
EM43724,NEVADA,,Bachelor,250910,33555,63,0,Personal Auto,FOUR-DOOR CAR,101
FH85960,OREGON,,College,3122174,42780,113,1,Personal Auto,FOUR-DOOR CAR,542
XA55993,OREGON,,Master,313350,58850,78,0,Personal Auto,FOUR-DOOR CAR,143
GO36627,ARIZONA,,College,383745,21880,97,0,Special Auto,FOUR-DOOR CAR,424
QH48047,OREGON,,College,1179049,25251,66,0,Personal Auto,FOUR-DOOR CAR,316
HS28694,WASHINGTON,F,High School or Below,282986,25317,71,0,Personal Auto,TWO-DOOR CAR,50
UH65059,ARIZONA,,High School or Below,430580,24188,109,0,Personal Auto,LUXURY,523
FV21968,NEVADA,,Bachelor,597397,41611,74,0,Special Auto,FOUR-DOOR CAR,113
QA87025,OREGON,,Bachelor,567044,28406,72,1,Personal Auto,FOUR-DOOR CAR,192
TQ13499,ARIZONA,,College,473174,69833,118,0,Personal Auto,FOUR-DOOR CAR,828
BU44523,ARIZONA,,High School or Below,802637,0,74,0,Corporate Auto,FOUR-DOOR CAR,532
MS41162,ARIZONA,,High School or Below,402296,0,117,0,Personal Auto,SUV,975
PU25891,OREGON,,High School or Below,961831,80536,119,0,Special Auto,LUXURY,53
LH92841,WASHINGTON,F,Bachelors,725595,88891,89,0,Personal Auto,FOUR-DOOR CAR,50
SX26335,OREGON,,College,955292,97732,79,0,Personal Auto,FOUR-DOOR CAR,289
AZ95587,ARIZONA,F,Bachelor,1038855,61222,89,0,Special Auto,FOUR-DOOR CAR,392
DS81757,OREGON,M,College,247012,0,74,0,Personal Auto,TWO-DOOR CAR,721
OJ94107,ARIZONA,M,Master,561906,50335,140,0,Personal Auto,SUV,456
LP84436,CALIFORNIA,F,High School or Below,904711,0,127,0,Personal Auto,LUXURY,1087
FF22360,WASHINGTON,F,Doctor,268731,82210,68,4,Personal Auto,FOUR-DOOR CAR,51
LM19287,OREGON,F,High School or Below,373150,0,96,0,Personal Auto,FOUR-DOOR CAR,460
ZU18643,NEVADA,M,Bachelor,366077,64495,92,0,Corporate Auto,FOUR-DOOR CAR,251
AZ82578,CALIFORNIA,F,College,792882,0,72,0,Corporate Auto,FOUR-DOOR CAR,345
XC67861,ARIZONA,F,Bachelor,501175,28859,67,3,Corporate Auto,TWO-DOOR CAR,321
YC43143,ARIZONA,F,High School or Below,798825,77330,99,0,Personal Auto,FOUR-DOOR CAR,99
EK59571,OREGON,M,College,388545,0,105,0,Corporate Auto,FOUR-DOOR CAR,504
PA38372,WASHINGTON,F,High School or Below,935773,33060,117,0,Personal Auto,FOUR-DOOR CAR,56
RO18530,WASHINGTON,M,Master,254068,42557,65,0,Personal Auto,FOUR-DOOR CAR,57
PD27940,ARIZONA,M,High School or Below,488516,26372,126,0,Personal Auto,SUV,604
BS77946,ARIZONA,F,Bachelor,975330,17514,127,0,Personal Auto,SUV,8
YM50253,CALIFORNIA,F,Bachelor,294615,89270,74,0,Personal Auto,FOUR-DOOR CAR,316
NR15332,CALIFORNIA,M,High School or Below,258111,29757,65,0,Personal Auto,FOUR-DOOR CAR,312
RC62865,OREGON,M,College,351738,51814,92,0,Personal Auto,FOUR-DOOR CAR,56
CC15295,OREGON,F,Bachelor,974335,24028,82,0,Personal Auto,FOUR-DOOR CAR,393
KA61892,ARIZONA,M,College,387364,28142,105,0,Personal Auto,LUXURY,701
OS94884,ARIZONA,F,Bachelor,764928,52705,64,1,Personal Auto,TWO-DOOR CAR,128
ND87334,CALIFORNIA,M,High School or Below,228759,0,63,0,Corporate Auto,TWO-DOOR CAR,679
OY51402,WASHINGTON,F,High School or Below,825576,54040,103,0,Personal Auto,SUV,59
YL74911,CALIFORNIA,F,College,871492,0,118,0,Personal Auto,SUV,566
GK92563,WASHINGTON,F,Doctor,681923,22492,85,0,Personal Auto,TWO-DOOR CAR,61
HL53154,CALIFORNIA,M,Bachelor,741619,0,77,2,Personal Auto,FOUR-DOOR CAR,554
RI78966,OREGON,M,Master,777115,21876,68,0,Personal Auto,FOUR-DOOR CAR,465
IC13702,CALIFORNIA,F,Bachelor,696834,0,69,1,Personal Auto,FOUR-DOOR CAR,496
BE10809,CALIFORNIA,F,High School or Below,425028,0,61,1,Personal Auto,FOUR-DOOR CAR,292
HT87217,OREGON,F,High School or Below,1977656,70699,82,0,Personal Auto,FOUR-DOOR CAR,256
TH95618,CALIFORNIA,F,High School or Below,2134346,0,74,1,Personal Auto,FOUR-DOOR CAR,355
TS19868,CALIFORNIA,M,College,241313,27501,63,0,Personal Auto,FOUR-DOOR CAR,542
LP45550,OREGON,F,Doctor,1536384,15897,101,0,Personal Auto,FOUR-DOOR CAR,303
QR87004,NEVADA,F,College,845696,25141,73,1,Personal Auto,FOUR-DOOR CAR,25
OE75747,NEVADA,F,College,218964,0,61,3,Personal Auto,FOUR-DOOR CAR,292
DX91392,CALIFORNIA,M,High School or Below,578018,51066,74,0,Personal Auto,FOUR-DOOR CAR,787
AB72731,CALIFORNIA,F,Bachelor,463998,28358,117,0,Personal Auto,LUXURY,84
GX84338,WASHINGTON,F,Doctor,382443,62530,95,0,Personal Auto,FOUR-DOOR CAR,61
IS12901,ARIZONA,F,Bachelor,596811,90972,74,0,Personal Auto,TWO-DOOR CAR,232
BN90616,WASHINGTON,F,Bachelor,859033,63110,72,0,Personal Auto,FOUR-DOOR CAR,68
HH90090,CALIFORNIA,F,Bachelor,407663,29549,104,0,Personal Auto,LUXURY,710
IU25463,CALIFORNIA,F,Bachelor,1225260,0,115,1,Personal Auto,FOUR-DOOR CAR,552
KC11055,NEVADA,F,Bachelor,1693627,39411,217,2,Personal Auto,LUXURY,1122
PD33979,OREGON,M,High School or Below,489243,21709,62,0,Personal Auto,FOUR-DOOR CAR,408
NK71023,NEVADA,M,Bachelor,994230,67890,85,0,Personal Auto,FOUR-DOOR CAR,408
AB13432,CALIFORNIA,M,Bachelor,373583,0,110,0,Personal Auto,SUV,792
OZ97704,CALIFORNIA,F,High School or Below,1311752,84311,111,4,Personal Auto,SUV,532
UF46533,CALIFORNIA,F,College,457452,99316,114,0,Corporate Auto,SUV,754
XP47431,ARIZONA,F,Bachelor,547006,54507,138,0,Personal Auto,SUV,702
GK73582,CALIFORNIA,F,Bachelor,297884,64586,76,0,Personal Auto,FOUR-DOOR CAR,206
RV98763,OREGON,M,College,641096,61709,82,2,Personal Auto,FOUR-DOOR CAR,275
II62831,CALIFORNIA,M,Master,447902,94656,111,1,Special Auto,SUV,459
XK33449,CALIFORNIA,F,High School or Below,238373,0,69,0,Special Auto,TWO-DOOR CAR,496
TR85083,CALIFORNIA,M,Bachelor,276449,61085,70,1,Personal Auto,TWO-DOOR CAR,336
EO95328,OREGON,F,Bachelor,792010,89284,67,3,Personal Auto,TWO-DOOR CAR,321
EN21086,ARIZONA,F,High School or Below,688909,0,63,0,Personal Auto,FOUR-DOOR CAR,302
YL83902,WASHINGTON,F,Bachelor,327419,31686,81,0,Personal Auto,FOUR-DOOR CAR,430
AZ62651,OREGON,M,High School or Below,995170,56855,255,0,Corporate Auto,LUXURY,1836
ZW25874,OREGON,M,Bachelor,252155,53703,67,2,Special Auto,FOUR-DOOR CAR,67
EH41854,WASHINGTON,F,High School or Below,2370611,0,96,1,Personal Auto,TWO-DOOR CAR,844
MW70227,CALIFORNIA,M,College,604702,20396,76,1,Personal Auto,FOUR-DOOR CAR,364
SL22297,CALIFORNIA,F,Master,1114030,27679,150,0,Personal Auto,SUV,722
RV14138,NEVADA,F,Bachelor,433406,23904,123,3,Personal Auto,SUV,590
UO62808,ARIZONA,F,High School or Below,279974,65351,69,0,Corporate Auto,FOUR-DOOR CAR,481
ZX64745,CALIFORNIA,M,College,792313,0,113,0,Personal Auto,SUV,1124
FL34139,CALIFORNIA,M,High School or Below,368811,0,63,3,Personal Auto,FOUR-DOOR CAR,669
TS11219,CALIFORNIA,M,College,1206745,0,116,0,Personal Auto,SUV,1284
XX12304,CALIFORNIA,F,College,292497,64459,72,0,Personal Auto,FOUR-DOOR CAR,240
SD64087,CALIFORNIA,M,College,1501409,32961,190,0,Corporate Auto,SUV,912
OY38576,OREGON,F,High School or Below,927723,71416,116,0,Corporate Auto,SUV,556
BG76355,WASHINGTON,F,Bachelor,627412,68964,78,0,Personal Auto,FOUR-DOOR CAR,115
IP66913,CALIFORNIA,M,High School or Below,388664,78108,98,0,Personal Auto,TWO-DOOR CAR,470
LE95702,CALIFORNIA,M,College,438627,10621,67,0,Special Auto,FOUR-DOOR CAR,321
KX54357,WASHINGTON,M,College,1136526,84910,95,0,Corporate Auto,TWO-DOOR CAR,383
EZ78112,CALIFORNIA,F,High School or Below,561096,77493,70,0,Special Auto,FOUR-DOOR CAR,307
XN16891,ARIZONA,M,College,291289,81097,74,0,Personal Auto,FOUR-DOOR CAR,355
XK31350,OREGON,F,College,691572,96610,85,0,Corporate Auto,FOUR-DOOR CAR,520
CC30924,OREGON,M,College,626266,30110,159,0,Corporate Auto,LUXURY,466
IT78748,OREGON,F,High School or Below,650339,22081,84,0,Special Auto,TWO-DOOR CAR,451
KY33386,WASHINGTON,F,High School or Below,800739,0,112,0,Personal Auto,LUXURY,537
CO44221,CALIFORNIA,M,College,292991,98473,72,0,Personal Auto,FOUR-DOOR CAR,345
LK60013,OREGON,F,Bachelor,596955,97431,74,0,Personal Auto,FOUR-DOOR CAR,355
DE21533,CALIFORNIA,M,Bachelor,547315,93870,69,0,Personal Auto,FOUR-DOOR CAR,331
YS94121,NEVADA,M,High School or Below,564539,50366,72,0,Personal Auto,FOUR-DOOR CAR,428
UK68427,WASHINGTON,M,High School or Below,636926,34498,83,0,Personal Auto,TWO-DOOR CAR,398
TE49565,OREGON,F,College,1183376,16552,103,0,Personal Auto,SUV,494
RA88421,OREGON,F,College,612110,26787,77,0,Personal Auto,FOUR-DOOR CAR,369
KQ51983,NEVADA,M,College,515936,0,74,0,Personal Auto,TWO-DOOR CAR,831
CD88896,NEVADA,F,High School or Below,251459,43860,65,0,Corporate Auto,FOUR-DOOR CAR,156
YV22553,ARIZONA,M,High School or Below,866861,21474,114,2,Corporate Auto,SUV,373
WU14435,CALIFORNIA,M,Bachelor,496096,18174,66,0,Corporate Auto,FOUR-DOOR CAR,395
XV84099,ARIZONA,F,Bachelor,550413,0,73,0,Corporate Auto,FOUR-DOOR CAR,350
RI24911,ARIZONA,M,College,750745,60920,64,0,Personal Auto,TWO-DOOR CAR,231
KO26461,ARIZONA,M,High School or Below,3226985,41520,90,0,Personal Auto,FOUR-DOOR CAR,289
HI14283,OREGON,F,Bachelor,565703,0,152,0,Personal Auto,SUV,729
PT50227,ARIZONA,M,High School or Below,506175,0,68,0,Personal Auto,TWO-DOOR CAR,326
BH36570,CALIFORNIA,M,Bachelor,591278,72208,73,0,Personal Auto,TWO-DOOR CAR,350
TX17484,CALIFORNIA,F,Bachelor,1518227,53863,63,0,Personal Auto,FOUR-DOOR CAR,105
CT41158,WASHINGTON,M,College,1074703,66446,136,0,Corporate Auto,SUV,639
AO87348,WASHINGTON,M,College,205062,0,61,0,Personal Auto,FOUR-DOOR CAR,292
DE55857,WASHINGTON,F,Bachelor,246544,64997,63,1,Personal Auto,FOUR-DOOR CAR,383
LF66923,NEVADA,F,High School or Below,534312,64460,66,0,Corporate Auto,TWO-DOOR CAR,316
CN24514,ARIZONA,F,College,811982,46618,67,0,Personal Auto,FOUR-DOOR CAR,99
UW32074,OREGON,F,College,460526,0,64,0,Corporate Auto,FOUR-DOOR CAR,307
HP36979,CALIFORNIA,M,College,640878,49988,84,5,Personal Auto,TWO-DOOR CAR,566
PP40919,CALIFORNIA,F,College,237653,0,91,5,Personal Auto,TWO-DOOR CAR,436
RO73268,CALIFORNIA,M,Bachelor,321107,16269,86,0,Corporate Auto,TWO-DOOR CAR,412
HO61691,ARIZONA,F,Bachelor,509452,72006,64,0,Personal Auto,FOUR-DOOR CAR,307
BS13062,ARIZONA,F,High School or Below,2575527,0,81,2,Personal Auto,FOUR-DOOR CAR,388
FO35655,OREGON,M,Bachelor,867222,0,245,0,Corporate Auto,LUXURY,2345
HR10526,CALIFORNIA,M,Master,804473,44320,67,0,Personal Auto,FOUR-DOOR CAR,321
IA63417,ARIZONA,F,High School or Below,400151,19782,108,0,Personal Auto,TWO-DOOR CAR,773
BH35016,NEVADA,F,Bachelor,1670611,63933,70,0,Personal Auto,TWO-DOOR CAR,424
PK52952,ARIZONA,M,Doctor,854441,28224,109,0,Personal Auto,SUV,523
OD76309,WASHINGTON,F,College,780531,21073,106,1,Personal Auto,SUV,508
IL28481,OREGON,M,Bachelor,611275,63243,77,0,Personal Auto,FOUR-DOOR CAR,364
GY55092,NEVADA,M,High School or Below,477294,20993,133,0,Personal Auto,SUV,638
UF33451,OREGON,F,Bachelor,1097909,94827,135,0,Personal Auto,SUV,354
CF15558,CALIFORNIA,F,Master,500426,39161,63,1,Personal Auto,TWO-DOOR CAR,283
JM62924,WASHINGTON,M,Bachelor,1322304,37534,84,2,Personal Auto,FOUR-DOOR CAR,403
EM66435,OREGON,F,Bachelor,262331,80210,65,0,Corporate Auto,FOUR-DOOR CAR,20
QX45933,CALIFORNIA,M,Bachelor,1784019,0,62,0,Personal Auto,FOUR-DOOR CAR,385
JI71369,CALIFORNIA,F,College,510611,30110,64,0,Personal Auto,FOUR-DOOR CAR,140
JU93290,ARIZONA,F,College,1793060,21708,68,0,Personal Auto,FOUR-DOOR CAR,326
GU66096,ARIZONA,M,High School or Below,545734,94731,67,0,Personal Auto,FOUR-DOOR CAR,321
UC33108,CALIFORNIA,M,Bachelor,656364,32375,83,0,Personal Auto,FOUR-DOOR CAR,398
LW93867,OREGON,M,College,481252,16531,63,0,Corporate Auto,FOUR-DOOR CAR,102
OU78470,ARIZONA,F,Master,2932804,32006,94,0,Corporate Auto,FOUR-DOOR CAR,56
XW90265,ARIZONA,F,Bachelor,577352,81676,72,0,Personal Auto,TWO-DOOR CAR,463
HS67749,CALIFORNIA,M,College,684711,71038,86,0,Corporate Auto,FOUR-DOOR CAR,205
VZ51506,ARIZONA,F,High School or Below,359531,0,103,0,Corporate Auto,LUXURY,741
UI64281,NEVADA,F,Master,2285561,20832,65,0,Personal Auto,TWO-DOOR CAR,56
AE98193,WASHINGTON,M,High School or Below,785941,0,113,0,Personal Auto,SUV,813
AZ74055,OREGON,M,High School or Below,411557,52405,103,0,Personal Auto,FOUR-DOOR CAR,494
XS76911,ARIZONA,F,High School or Below,502963,0,133,0,Personal Auto,LUXURY,795
AY40674,WASHINGTON,F,Bachelor,482141,26583,1005,4,Personal Auto,SUV,614
NA12740,OREGON,M,Master,500431,25486,65,0,Special Auto,TWO-DOOR CAR,72
UA84837,ARIZONA,M,College,863005,24065,111,0,Corporate Auto,FOUR-DOOR CAR,532
DJ51510,ARIZONA,F,High School or Below,932208,70435,116,0,Personal Auto,FOUR-DOOR CAR,67
VM58985,CALIFORNIA,M,College,1672756,0,76,2,Personal Auto,TWO-DOOR CAR,402
OH60605,OREGON,F,High School or Below,365253,39679,92,0,Personal Auto,TWO-DOOR CAR,641
UO98052,NEVADA,M,College,615860,0,89,0,Personal Auto,FOUR-DOOR CAR,342
NC53424,CALIFORNIA,M,Bachelor,437608,0,69,4,Personal Auto,TWO-DOOR CAR,331
LQ13873,NEVADA,M,High School or Below,556945,53565,71,1,Personal Auto,FOUR-DOOR CAR,340
LA97014,WASHINGTON,M,Bachelor,257651,37574,66,1,Personal Auto,TWO-DOOR CAR,412
NB79936,WASHINGTON,M,Bachelor,834698,48259,108,0,Personal Auto,TWO-DOOR CAR,73
NT89061,ARIZONA,F,High School or Below,632392,78532,78,0,Personal Auto,FOUR-DOOR CAR,374
AF10970,ARIZONA,F,Bachelor,597314,96163,73,0,Corporate Auto,FOUR-DOOR CAR,350
ZG48513,CALIFORNIA,M,Bachelor,470667,0,72,0,Personal Auto,FOUR-DOOR CAR,345
JQ59145,CALIFORNIA,M,High School or Below,809341,0,114,1,Personal Auto,LUXURY,722
FE84989,WASHINGTON,M,College,503574,72672,63,0,Personal Auto,FOUR-DOOR CAR,259
JT52858,OREGON,F,Bachelor,902786,99002,112,1,Personal Auto,FOUR-DOOR CAR,537
MC62068,CALIFORNIA,M,High School or Below,728888,79494,91,0,Personal Auto,FOUR-DOOR CAR,396
EU27538,OREGON,M,Master,1804247,35704,225,0,Personal Auto,LUXURY,358
RH42306,ARIZONA,F,Bachelor,499206,0,71,0,Corporate Auto,FOUR-DOOR CAR,653
US23612,OREGON,F,High School or Below,910226,26049,118,0,Personal Auto,TWO-DOOR CAR,121
WV76014,ARIZONA,M,Doctor,254040,70125,64,0,Special Auto,FOUR-DOOR CAR,92
RK96223,CALIFORNIA,M,College,1294189,52369,110,1,Personal Auto,SUV,528
MF82000,WASHINGTON,F,Bachelor,236534,0,66,2,Special Auto,FOUR-DOOR CAR,159
FM46980,ARIZONA,M,College,572076,41770,72,0,Personal Auto,FOUR-DOOR CAR,476
SY56792,OREGON,M,High School or Below,703553,0,101,0,Corporate Auto,FOUR-DOOR CAR,727
RF61565,CALIFORNIA,M,College,263697,31911,67,0,Personal Auto,FOUR-DOOR CAR,321
IM94808,NEVADA,M,Bachelor,539583,70051,68,0,Corporate Auto,FOUR-DOOR CAR,42
VI14730,OREGON,M,High School or Below,838263,19683,117,1,Personal Auto,LUXURY,561
YR34119,WASHINGTON,F,College,3116174,30916,112,0,Personal Auto,SUV,200
RR77985,OREGON,F,Bachelor,288774,0,80,0,Personal Auto,FOUR-DOOR CAR,676
QD28391,WASHINGTON,M,College,742584,84302,62,0,Personal Auto,FOUR-DOOR CAR,76
WV17090,CALIFORNIA,M,Bachelor,2558572,0,116,0,Corporate Auto,SUV,830
TM23514,OREGON,M,College,1027260,60145,132,0,Personal Auto,SUV,580
MQ68407,OREGON,F,Bachelor,437636,63774,111,0,Personal Auto,FOUR-DOOR CAR,60
GJ59592,CALIFORNIA,F,Bachelor,531889,25134,67,0,Corporate Auto,FOUR-DOOR CAR,321
FY56083,OREGON,M,Bachelor,471976,37057,61,1,Personal Auto,FOUR-DOOR CAR,47
UA94723,OREGON,F,High School or Below,442803,58577,110,0,Personal Auto,SUV,303
FW91032,CALIFORNIA,M,High School or Below,587917,85857,73,0,Corporate Auto,FOUR-DOOR CAR,100
DE34457,OREGON,F,Doctor,941690,70602,116,0,Personal Auto,SUV,481
HD32044,OREGON,F,Master,828815,33816,106,2,Corporate Auto,FOUR-DOOR CAR,508
HH30454,OREGON,M,Bachelor,3265483,0,153,0,Personal Auto,SUV,1101
AH84063,OREGON,F,College,471945,89642,121,4,Corporate Auto,SUV,86
QA17596,CALIFORNIA,F,Bachelor,390347,60068,98,0,Personal Auto,TWO-DOOR CAR,470
XI41052,CALIFORNIA,F,Bachelor,545725,50044,139,0,Personal Auto,SUV,667
DI30528,CALIFORNIA,F,Master,272535,36650,69,1,Personal Auto,FOUR-DOOR CAR,56
SC66359,ARIZONA,F,College,443397,50653,110,0,Corporate Auto,SUV,262
EN61670,ARIZONA,F,Doctor,533246,68931,66,0,Personal Auto,FOUR-DOOR CAR,309
DQ10761,OREGON,M,Bachelor,231509,0,73,1,Corporate Auto,FOUR-DOOR CAR,350
BQ51587,CALIFORNIA,F,College,541195,0,73,0,Personal Auto,FOUR-DOOR CAR,365
JE21522,CALIFORNIA,M,Bachelor,958733,39266,80,0,Personal Auto,FOUR-DOOR CAR,384
WS47147,CALIFORNIA,M,College,2210350,0,102,0,Personal Auto,SUV,489
ZA64638,NEVADA,F,High School or Below,976494,0,98,1,Personal Auto,FOUR-DOOR CAR,705
EW38459,NEVADA,F,Bachelor,256715,40864,65,0,Corporate Auto,FOUR-DOOR CAR,9
QW87316,OREGON,F,College,265062,39035,68,0,Personal Auto,FOUR-DOOR CAR,244
IC43478,CALIFORNIA,M,Bachelor,1126436,34923,98,0,Personal Auto,TWO-DOOR CAR,639
TE34064,CALIFORNIA,M,High School or Below,216852,0,63,0,Personal Auto,FOUR-DOOR CAR,453
WU60905,CALIFORNIA,F,High School or Below,861066,0,111,0,Corporate Auto,SUV,532
YM18992,CALIFORNIA,F,College,283464,24506,71,0,Personal Auto,TWO-DOOR CAR,511
PD55753,OREGON,M,High School or Below,893013,0,82,0,Personal Auto,FOUR-DOOR CAR,554
KU56006,ARIZONA,F,College,553638,52220,70,1,Personal Auto,FOUR-DOOR CAR,336
MJ69973,ARIZONA,M,High School or Below,284085,0,74,0,Personal Auto,TWO-DOOR CAR,402
TW43626,CALIFORNIA,M,College,808288,53554,67,0,Personal Auto,FOUR-DOOR CAR,327
XX84133,CALIFORNIA,M,Bachelor,525473,34476,67,1,Corporate Auto,FOUR-DOOR CAR,5
ZW84453,ARIZONA,F,Bachelor,511623,0,70,0,Personal Auto,FOUR-DOOR CAR,131
HO29524,CALIFORNIA,M,College,303464,68205,76,0,Personal Auto,TWO-DOOR CAR,99
VE89726,CALIFORNIA,F,High School or Below,802489,0,119,1,Personal Auto,SUV,856
GE87503,CALIFORNIA,M,High School or Below,1821114,53690,154,0,Personal Auto,SUV,739
PX90263,OREGON,M,High School or Below,512156,0,72,0,Personal Auto,FOUR-DOOR CAR,518
NI17718,CALIFORNIA,F,High School or Below,215017,0,61,0,Personal Auto,FOUR-DOOR CAR,292
FY32213,CALIFORNIA,F,High School or Below,559538,74454,71,0,Personal Auto,FOUR-DOOR CAR,340
RZ13254,NEVADA,F,Bachelor,756282,0,73,0,Personal Auto,FOUR-DOOR CAR,350
GN45013,OREGON,M,High School or Below,538585,29664,71,0,Personal Auto,FOUR-DOOR CAR,340
NM39588,WASHINGTON,F,Doctor,267805,72450,66,0,Corporate Auto,FOUR-DOOR CAR,84
KU84464,NEVADA,F,Bachelor,942256,47272,79,3,Personal Auto,FOUR-DOOR CAR,64
YH43527,OREGON,F,College,360586,21585,92,0,Corporate Auto,FOUR-DOOR CAR,441
RO30676,CALIFORNIA,F,College,776259,23827,106,2,Personal Auto,FOUR-DOOR CAR,37
QL59704,ARIZONA,F,College,2344490,69906,74,2,Corporate Auto,FOUR-DOOR CAR,202
QH19450,CALIFORNIA,F,High School or Below,255817,0,72,0,Corporate Auto,FOUR-DOOR CAR,345
SA54664,WASHINGTON,M,Master,265438,73196,66,1,Personal Auto,FOUR-DOOR CAR,85
CI38330,WASHINGTON,M,Bachelor,254978,72217,6464,0,Personal Auto,FOUR-DOOR CAR,91
WB38524,CALIFORNIA,M,High School or Below,296959,46131,74,0,Personal Auto,TWO-DOOR CAR,355
CE56187,OREGON,F,Master,436312,54514,109,3,Personal Auto,SUV,286
JL19416,CALIFORNIA,F,High School or Below,588430,0,161,0,Personal Auto,SUV,1159
JZ61422,NEVADA,F,College,527219,96668,66,0,Personal Auto,FOUR-DOOR CAR,316
LA13377,CALIFORNIA,M,Doctor,550989,78879,69,1,Personal Auto,FOUR-DOOR CAR,466
NC99948,NEVADA,M,College,1631368,0,69,0,Personal Auto,FOUR-DOOR CAR,331
QD34785,ARIZONA,F,Bachelor,567805,0,76,0,Personal Auto,FOUR-DOOR CAR,364
RO26085,CALIFORNIA,F,Bachelor,1210120,0,112,0,Personal Auto,LUXURY,1252
ES57969,OREGON,M,Bachelor,245357,29735,69,0,Personal Auto,FOUR-DOOR CAR,331
JK55587,CALIFORNIA,M,High School or Below,507566,23082,65,0,Special Auto,FOUR-DOOR CAR,312
RN97635,ARIZONA,M,Bachelor,321497,53984,80,0,Corporate Auto,FOUR-DOOR CAR,421
BI76326,CALIFORNIA,F,College,1227534,52135,156,0,Personal Auto,SUV,430
JA34909,CALIFORNIA,F,College,272221,17576,71,0,Corporate Auto,FOUR-DOOR CAR,398
OJ90342,OREGON,F,Bachelor,245744,29486,62,0,Personal Auto,FOUR-DOOR CAR,7
CM88932,OREGON,F,Master,355484,58557,88,0,Corporate Auto,FOUR-DOOR CAR,55
JJ97525,CALIFORNIA,M,Bachelor,492954,25632,63,0,Personal Auto,TWO-DOOR CAR,351
XV21647,CALIFORNIA,F,High School or Below,803645,0,112,0,Personal Auto,LUXURY,806
MC83487,ARIZONA,M,Bachelor,427691,18768,68,3,Corporate Auto,FOUR-DOOR CAR,647
BL90769,CALIFORNIA,F,Bachelor,3347334,33190,106,0,Personal Auto,SUV,508
CR57148,OREGON,F,Master,596058,47945,74,0,Personal Auto,TWO-DOOR CAR,128
CP85232,ARIZONA,M,College,4479546,58778,126,0,Special Auto,SUV,302
YL74732,CALIFORNIA,F,High School or Below,383211,15192,100,0,Personal Auto,SUV,480
FG16766,CALIFORNIA,F,Bachelor,683793,51859,171,0,Personal Auto,SUV,1003
NV55438,NEVADA,F,High School or Below,528526,23422,72,0,Personal Auto,TWO-DOOR CAR,518
RM10880,CALIFORNIA,F,College,309651,21604,79,0,Corporate Auto,FOUR-DOOR CAR,379
GL56175,ARIZONA,M,College,358971,79298,90,0,Personal Auto,FOUR-DOOR CAR,244
UK52289,ARIZONA,F,Bachelor,258240,76731,64,0,Special Auto,FOUR-DOOR CAR,201
OT85112,WASHINGTON,M,College,340391,38460,88,1,Personal Auto,FOUR-DOOR CAR,91
BC62782,ARIZONA,F,College,1357567,48534,115,1,Personal Auto,SUV,552
TI19722,WASHINGTON,M,Doctor,343613,30817,88,0,Corporate Auto,FOUR-DOOR CAR,91
JP30654,OREGON,F,College,2868582,48412,104,0,Personal Auto,SUV,707
UM45563,WASHINGTON,M,Bachelor,450267,68798,114,0,Personal Auto,SUV,92
EN60878,OREGON,M,Bachelor,618311,23712,85,0,Personal Auto,FOUR-DOOR CAR,376
JF36291,CALIFORNIA,M,College,387364,28142,105,0,Personal Auto,LUXURY,701
BK59444,CALIFORNIA,F,Master,1892933,72196,68,0,Personal Auto,FOUR-DOOR CAR,152
MK70700,CALIFORNIA,M,Master,555329,68197,69,0,Personal Auto,FOUR-DOOR CAR,176
IW71076,CALIFORNIA,M,Bachelor,501125,75248,63,0,Corporate Auto,FOUR-DOOR CAR,104
AP98768,CALIFORNIA,F,College,1044244,0,98,0,Personal Auto,FOUR-DOOR CAR,941
OM24164,NEVADA,M,Bachelor,219961,0,65,1,Personal Auto,TWO-DOOR CAR,468
HR85211,WASHINGTON,F,Master,512317,89879,63,0,Personal Auto,TWO-DOOR CAR,94
VC87846,OREGON,M,High School or Below,748431,46998,96,0,Corporate Auto,FOUR-DOOR CAR,460
ZM92052,OREGON,M,Bachelor,261302,57099,67,0,Personal Auto,TWO-DOOR CAR,67
ON73702,ARIZONA,F,Bachelor,908063,33897,114,0,Corporate Auto,SUV,539
QQ90441,NEVADA,F,High School or Below,1377097,59207,116,0,Personal Auto,FOUR-DOOR CAR,556
HU35721,OREGON,M,High School or Below,287682,40171,73,0,Personal Auto,FOUR-DOOR CAR,350
YP47665,WASHINGTON,M,Doctor,540891,80192,67,0,Personal Auto,FOUR-DOOR CAR,95
FU99476,WASHINGTON,M,High School or Below,677030,74422,85,1,Personal Auto,FOUR-DOOR CAR,95
AG85615,OREGON,M,College,2414387,0,87,0,Special Auto,FOUR-DOOR CAR,626
OY74069,ARIZONA,F,College,353805,0,67,5,Personal Auto,FOUR-DOOR CAR,321
DJ91267,NEVADA,F,Bachelor,2909123,34226,244,0,Personal Auto,LUXURY,494
KB72438,CALIFORNIA,F,High School or Below,1983420,65989,123,1,Personal Auto,SUV,115
TR67616,OREGON,M,High School or Below,473136,30686,61,0,Corporate Auto,FOUR-DOOR CAR,19
GF65731,CALIFORNIA,F,Master,3553784,0,113,0,Personal Auto,LUXURY,799
HB67642,ARIZONA,F,High School or Below,3461137,20090,109,0,Personal Auto,LUXURY,523
DP84567,CALIFORNIA,M,High School or Below,2021630,0,183,0,Personal Auto,LUXURY,878
VV77534,OREGON,M,College,1397651,77094,176,0,Personal Auto,SUV,444
GL67540,CALIFORNIA,F,College,590408,97413,73,0,Personal Auto,FOUR-DOOR CAR,268
SV50502,OREGON,F,Master,559583,79189,69,0,Corporate Auto,FOUR-DOOR CAR,331
UK59698,CALIFORNIA,F,High School or Below,229430,0,62,0,Personal Auto,TWO-DOOR CAR,297
OA57352,ARIZONA,F,College,627391,18577,86,0,Personal Auto,FOUR-DOOR CAR,412
ZF84449,OREGON,F,College,372672,0,112,1,Special Auto,LUXURY,806
AX86150,WASHINGTON,M,High School or Below,265671,62777,67,0,Personal Auto,TWO-DOOR CAR,101
HG39060,OREGON,M,Bachelor,511068,0,74,0,Corporate Auto,FOUR-DOOR CAR,532
EM29359,NEVADA,M,College,712659,17483,183,0,Personal Auto,LUXURY,1317
SF57173,OREGON,M,Master,460163,84394,114,0,Personal Auto,SUV,691
OT47603,OREGON,M,College,915523,0,127,0,Personal Auto,LUXURY,804
SW31412,OREGON,F,College,1480805,41440,62,1,Personal Auto,FOUR-DOOR CAR,297
JS36322,ARIZONA,M,High School or Below,890167,0,136,1,Personal Auto,LUXURY,1090
RE81445,OREGON,F,College,573459,98132,71,0,Personal Auto,TWO-DOOR CAR,50
RM24280,OREGON,F,High School or Below,417769,0,112,0,Personal Auto,FOUR-DOOR CAR,537
LC25393,CALIFORNIA,M,Bachelor,2777628,88220,230,0,Personal Auto,LUXURY,151
UX38930,ARIZONA,F,Master,1036434,58327,129,0,Personal Auto,SUV,347
HD95496,OREGON,M,Master,785190,25950,66,0,Personal Auto,TWO-DOOR CAR,271
RX24650,OREGON,M,High School or Below,477294,20993,133,0,Corporate Auto,SUV,638
DW19309,OREGON,M,High School or Below,1422650,65726,177,0,Corporate Auto,SUV,849
MT41386,WASHINGTON,M,Bachelors,287543,84768,72,0,Personal Auto,TWO-DOOR CAR,110
WZ40465,WASHINGTON,F,Bachelor,504129,36234,63,0,Personal Auto,FOUR-DOOR CAR,113
DB42794,CALIFORNIA,M,College,436293,58842,110,0,Personal Auto,FOUR-DOOR CAR,528
JB50798,OREGON,F,Master,962452,25629,124,2,Corporate Auto,LUXURY,595
IP69763,WASHINGTON,F,College,2191440,77311,181,0,Personal Auto,SUV,113
TE35785,CALIFORNIA,M,Doctor,694842,0,196,2,Personal Auto,LUXURY,1337
HX74855,WASHINGTON,M,High School or Below,247152,95697,61,0,Personal Auto,TWO-DOOR CAR,114
QN65180,OREGON,F,Bachelor,2190391,22254,79,0,Personal Auto,FOUR-DOOR CAR,125
GE47180,NEVADA,M,High School or Below,902882,65974,113,0,Personal Auto,LUXURY,235
VQ38776,OREGON,F,College,530375,0,76,0,Personal Auto,FOUR-DOOR CAR,395
BH86846,WASHINGTON,M,High School or Below,2070825,92079,65,1,Corporate Auto,FOUR-DOOR CAR,114
IN17648,NEVADA,M,High School or Below,512376,0,74,0,Personal Auto,TWO-DOOR CAR,772
DF95759,OREGON,M,College,949234,0,132,0,Personal Auto,SUV,633
QG45324,OREGON,F,High School or Below,820486,0,73,0,Personal Auto,FOUR-DOOR CAR,350
MN61620,ARIZONA,F,College,987729,67752,131,4,Personal Auto,LUXURY,168
YH86390,CALIFORNIA,F,Bachelor,481500,25398,64,0,Corporate Auto,FOUR-DOOR CAR,307
FY13480,CALIFORNIA,M,High School or Below,627701,0,88,0,Personal Auto,FOUR-DOOR CAR,633
YH61661,CALIFORNIA,M,High School or Below,826063,33321,105,0,Special Auto,SUV,504
NL93182,NEVADA,M,Bachelor,254945,0,78,0,Corporate Auto,FOUR-DOOR CAR,845
LN31673,WASHINGTON,,College,1131808,38923,99,2,Personal Auto,FOUR-DOOR CAR,115
WE68644,OREGON,F,Bachelor,380392,20325,100,0,Personal Auto,LUXURY,668
EZ30498,OREGON,M,Bachelor,863540,13129,117,0,Personal Auto,SUV,700
QY74517,OREGON,F,High School or Below,551055,0,73,0,Personal Auto,FOUR-DOOR CAR,525
NM88660,NEVADA,M,Master,358588,49080,91,0,Corporate Auto,FOUR-DOOR CAR,25
MZ82036,NEVADA,M,College,488925,42536,63,0,Personal Auto,FOUR-DOOR CAR,375
ID20929,OREGON,M,Bachelor,275694,29926,74,0,Corporate Auto,FOUR-DOOR CAR,418
EY50028,NEVADA,M,Doctor,328954,0,86,0,Corporate Auto,TWO-DOOR CAR,398
TT82373,CALIFORNIA,F,Bachelor,1093717,21450,138,0,Personal Auto,LUXURY,938
OH64088,CALIFORNIA,M,High School or Below,737556,33345,65,0,Corporate Auto,FOUR-DOOR CAR,338
SK97780,CALIFORNIA,F,Bachelor,1011077,15752,90,0,Corporate Auto,TWO-DOOR CAR,339
IO33050,OREGON,F,High School or Below,511941,40169,65,1,Personal Auto,FOUR-DOOR CAR,302
XA55917,CALIFORNIA,F,College,853383,26049,113,1,Personal Auto,SUV,619
JK32620,NEVADA,M,College,222476,0,68,0,Personal Auto,FOUR-DOOR CAR,326
RQ19236,ARIZONA,M,Doctor,804280,55411,100,0,Personal Auto,LUXURY,259
QC47433,OREGON,M,College,255443,12459,70,0,Personal Auto,FOUR-DOOR CAR,336
RA93608,OREGON,M,Bachelor,1807394,64620,76,1,Personal Auto,TWO-DOOR CAR,364
XH97711,CALIFORNIA,M,Bachelor,243050,83140,61,0,Corporate Auto,FOUR-DOOR CAR,179
AU96286,OREGON,F,Bachelor,316765,0,92,0,Corporate Auto,FOUR-DOOR CAR,662
KC17170,ARIZONA,F,Bachelor,546560,54422,68,0,Corporate Auto,FOUR-DOOR CAR,75
ZN47335,CALIFORNIA,M,College,1035751,68309,131,0,Corporate Auto,SUV,306
EI46264,CALIFORNIA,M,High School or Below,253781,56621,65,2,Personal Auto,FOUR-DOOR CAR,84
EK87864,ARIZONA,F,College,282194,38977,70,0,Special Auto,FOUR-DOOR CAR,139
GV45403,ARIZONA,M,Bachelor,775712,0,111,0,Corporate Auto,TWO-DOOR CAR,607
QK31192,ARIZONA,M,High School or Below,407913,0,114,0,Corporate Auto,TWO-DOOR CAR,631
LU89008,ARIZONA,F,College,595554,0,83,0,Personal Auto,FOUR-DOOR CAR,628
NS10490,OREGON,F,Bachelor,1415861,83235,70,0,Personal Auto,TWO-DOOR CAR,336
KL98495,NEVADA,M,College,848723,0,74,0,Personal Auto,TWO-DOOR CAR,426
IU96845,ARIZONA,M,College,628547,32390,80,0,Personal Auto,FOUR-DOOR CAR,91
QL93655,OREGON,F,High School or Below,1147348,66538,95,0,Personal Auto,TWO-DOOR CAR,317
PF40592,WASHINGTON,F,College,494263,23285,65,0,Personal Auto,TWO-DOOR CAR,118
LZ34046,OREGON,M,Bachelor,2359468,76358,66,0,Personal Auto,FOUR-DOOR CAR,86
JC80093,WASHINGTON,M,Master,257250,21104,66,0,Personal Auto,FOUR-DOOR CAR,118
YE88490,ARIZONA,F,College,538089,55350,67,0,Personal Auto,FOUR-DOOR CAR,321
YC80498,CALIFORNIA,F,College,477055,12964,65,0,Personal Auto,TWO-DOOR CAR,362
AI85843,ARIZONA,F,Master,675665,33288,86,2,Personal Auto,FOUR-DOOR CAR,221
XD66024,ARIZONA,F,College,593601,0,84,0,Personal Auto,FOUR-DOOR CAR,980
FY51713,ARIZONA,F,Bachelor,357076,56168,88,0,Personal Auto,FOUR-DOOR CAR,614
PH26378,CALIFORNIA,M,College,601996,0,92,0,Personal Auto,FOUR-DOOR CAR,662
WQ18638,OREGON,M,High School or Below,542686,23105,69,0,Personal Auto,TWO-DOOR CAR,331
KY14688,OREGON,F,Master,273031,36218,68,0,Personal Auto,FOUR-DOOR CAR,145
TC97762,CALIFORNIA,F,High School or Below,498268,52275,62,0,Corporate Auto,FOUR-DOOR CAR,374
QC87108,OREGON,F,College,876926,49665,74,0,Personal Auto,FOUR-DOOR CAR,355
CX12134,NEVADA,M,High School or Below,422061,32471,110,0,Personal Auto,TWO-DOOR CAR,528
SM73248,ARIZONA,M,High School or Below,1153750,0,86,1,Corporate Auto,TWO-DOOR CAR,619
CK19789,CALIFORNIA,F,Master,588718,62773,73,0,Personal Auto,FOUR-DOOR CAR,80
UV12583,CALIFORNIA,F,College,470058,76694,117,0,Personal Auto,SUV,561
JC11405,OREGON,M,High School or Below,1096395,55687,276,0,Personal Auto,LUXURY,1324
KA89683,ARIZONA,F,High School or Below,252317,0,70,0,Personal Auto,FOUR-DOOR CAR,504
BG85305,NEVADA,M,Doctor,375780,36633,96,1,Personal Auto,FOUR-DOOR CAR,460
UQ87917,OREGON,M,High School or Below,1294173,77060,106,0,Personal Auto,SUV,468
XN11823,NEVADA,F,Bachelor,376446,92600,94,0,Corporate Auto,TWO-DOOR CAR,842
OS46571,CALIFORNIA,M,High School or Below,688955,0,66,0,Personal Auto,FOUR-DOOR CAR,475
PX17116,NEVADA,M,College,362345,0,111,2,Corporate Auto,SUV,1171
RP19541,ARIZONA,M,College,758211,64801,64,0,Personal Auto,FOUR-DOOR CAR,268
ZR25747,OREGON,F,College,827774,45257,103,0,Corporate Auto,TWO-DOOR CAR,494
NQ86532,CALIFORNIA,M,High School or Below,257645,26854,66,0,Personal Auto,FOUR-DOOR CAR,475
JY27336,OREGON,F,College,820538,85840,102,2,Corporate Auto,SUV,138
PB54378,OREGON,F,Doctor,1958246,26463,72,0,Corporate Auto,FOUR-DOOR CAR,345
SV38190,NEVADA,F,Bachelor,648152,30689,81,0,Personal Auto,FOUR-DOOR CAR,467
CV24005,OREGON,M,High School or Below,259931,29590,66,0,Corporate Auto,TWO-DOOR CAR,467
EX28656,OREGON,F,College,983033,25965,253,0,Personal Auto,LUXURY,1214
CF57022,OREGON,M,Bachelor,1044265,17269,139,0,Personal Auto,SUV,667
GM16780,OREGON,M,College,3605753,90330,137,3,Corporate Auto,LUXURY,192
BX94438,CALIFORNIA,F,High School or Below,847003,0,113,0,Corporate Auto,SUV,619
RM41745,CALIFORNIA,F,High School or Below,827878,0,110,0,Personal Auto,FOUR-DOOR CAR,1002
XR70252,CALIFORNIA,F,High School or Below,478893,0,67,1,Personal Auto,TWO-DOOR CAR,321
YH92099,ARIZONA,F,Bachelor,308799,18558,80,0,Special Auto,FOUR-DOOR CAR,384
SG81493,ARIZONA,M,Bachelor,444373,46384,113,0,Corporate Auto,FOUR-DOOR CAR,251
ZX23819,OREGON,F,High School or Below,798408,0,72,0,Personal Auto,TWO-DOOR CAR,866
FJ54907,OREGON,F,College,718097,42303,180,0,Personal Auto,LUXURY,1210
CU26127,CALIFORNIA,F,Bachelor,1565603,71731,130,0,Corporate Auto,SUV,599
YH60476,OREGON,M,High School or Below,578018,51066,74,0,Corporate Auto,FOUR-DOOR CAR,787
ZZ97035,CALIFORNIA,M,College,2071494,0,203,0,Corporate Auto,LUXURY,2027
GE82737,NEVADA,F,Bachelor,533735,0,86,3,Personal Auto,FOUR-DOOR CAR,619
KY21873,ARIZONA,M,College,505082,0,69,0,Personal Auto,TWO-DOOR CAR,72
UA51318,ARIZONA,F,High School or Below,511662,26173,68,1,Corporate Auto,FOUR-DOOR CAR,449
BV55014,OREGON,M,Bachelor,726873,24445,63,0,Personal Auto,TWO-DOOR CAR,302
HX21307,OREGON,M,College,261661,72302,66,0,Personal Auto,TWO-DOOR CAR,316
LQ68252,OREGON,M,High School or Below,373843,27208,102,0,Personal Auto,SUV,489
CR92802,CALIFORNIA,F,Master,272535,36650,69,1,Special Auto,FOUR-DOOR CAR,56
SL35268,ARIZONA,M,College,545386,30855,68,0,Corporate Auto,FOUR-DOOR CAR,259
RD62882,ARIZONA,F,Bachelor,684615,0,95,0,Personal Auto,TWO-DOOR CAR,456
JS42382,OREGON,M,Master,617291,99960,76,0,Corporate Auto,FOUR-DOOR CAR,364
BT30554,ARIZONA,F,Bachelor,1034632,0,98,0,Personal Auto,FOUR-DOOR CAR,470
VP57424,NEVADA,F,Bachelor,699700,55873,88,0,Personal Auto,FOUR-DOOR CAR,299
VU19243,ARIZONA,F,High School or Below,419625,18052,111,0,Personal Auto,FOUR-DOOR CAR,699
TA82973,OREGON,F,High School or Below,785810,28937,104,2,Personal Auto,SUV,117
GK71720,OREGON,F,High School or Below,606434,0,86,0,Personal Auto,FOUR-DOOR CAR,545
OQ61223,CALIFORNIA,M,College,1749752,0,73,0,Personal Auto,TWO-DOOR CAR,350
LL62746,OREGON,M,Doctor,897064,12829,118,0,Personal Auto,SUV,328
JQ56711,OREGON,F,Master,592311,92163,73,0,Personal Auto,TWO-DOOR CAR,66
AW77988,OREGON,M,High School or Below,3585059,17588,192,0,Personal Auto,LUXURY,1382
QP84605,WASHINGTON,F,Bachelor,870984,41546,111,0,Corporate Auto,FOUR-DOOR CAR,121
MY97912,ARIZONA,M,College,1330933,0,127,0,Personal Auto,SUV,609
IB87349,CALIFORNIA,M,High School or Below,452850,70340,113,0,Special Auto,FOUR-DOOR CAR,542
AW73065,OREGON,F,High School or Below,279190,0,74,0,Personal Auto,FOUR-DOOR CAR,532
BW80872,WASHINGTON,M,High School or Below,443441,34549,111,0,Personal Auto,FOUR-DOOR CAR,125
PX70175,ARIZONA,M,College,799600,93459,99,0,Personal Auto,FOUR-DOOR CAR,655
KF75098,ARIZONA,M,Bachelor,512973,86148,65,2,Personal Auto,FOUR-DOOR CAR,312
IS50283,CALIFORNIA,F,Bachelor,569717,27048,72,0,Corporate Auto,FOUR-DOOR CAR,345
MY64920,OREGON,F,College,921713,73259,115,0,Personal Auto,SUV,673
KN34250,OREGON,F,College,1020892,35482,129,0,Corporate Auto,SUV,619
GN46207,OREGON,F,Master,417068,29462,107,1,Personal Auto,SUV,513
KL57176,OREGON,F,College,450540,67801,115,1,Personal Auto,SUV,23
MN94234,CALIFORNIA,M,High School or Below,310756,0,94,4,Personal Auto,TWO-DOOR CAR,451
JY90595,ARIZONA,M,High School or Below,552866,16042,73,0,Personal Auto,TWO-DOOR CAR,350
HK26543,CALIFORNIA,M,High School or Below,504586,28056,64,1,Personal Auto,FOUR-DOOR CAR,307
PN86062,CALIFORNIA,M,High School or Below,296272,16495,85,3,Corporate Auto,FOUR-DOOR CAR,408
VW27730,CALIFORNIA,F,Master,866595,41163,108,0,Corporate Auto,SUV,231
SH55671,ARIZONA,F,College,1141344,0,161,1,Personal Auto,LUXURY,772
MO56878,CALIFORNIA,M,Bachelor,1548843,33799,109,3,Corporate Auto,SUV,664
VO38365,WASHINGTON,F,College,886114,90125,110,0,Corporate Auto,SUV,128
SV35618,OREGON,F,Bachelor,593474,87747,147,1,Personal Auto,SUV,46
RX12347,NEVADA,M,College,354323,35695,90,0,Personal Auto,FOUR-DOOR CAR,432
FR55658,CALIFORNIA,M,Master,349002,90985,87,0,Personal Auto,FOUR-DOOR CAR,78
XS12556,CALIFORNIA,F,College,368309,0,101,0,Corporate Auto,LUXURY,564
ZU73588,CALIFORNIA,M,College,598977,66839,154,0,Personal Auto,LUXURY,739
WT43034,CALIFORNIA,F,High School or Below,1250084,0,165,0,Personal Auto,SUV,792
VM13430,OREGON,F,Bachelor,860915,79090,107,0,Corporate Auto,SUV,289
TC78849,OREGON,M,Bachelor,249745,24825,64,0,Personal Auto,TWO-DOOR CAR,155
VC34764,CALIFORNIA,M,College,701917,26806,63,0,Personal Auto,FOUR-DOOR CAR,302
WO90953,OREGON,F,College,538792,56835,67,0,Personal Auto,TWO-DOOR CAR,326
IU47468,OREGON,F,Bachelor,616555,0,88,0,Special Auto,TWO-DOOR CAR,653
KO46064,CALIFORNIA,M,Bachelor,273020,46135,69,0,Personal Auto,FOUR-DOOR CAR,103
RB34917,ARIZONA,F,Bachelor,516211,0,73,0,Personal Auto,FOUR-DOOR CAR,809
BI38192,OREGON,F,High School or Below,793706,22862,67,0,Personal Auto,TWO-DOOR CAR,321
PU18983,OREGON,F,High School or Below,860815,21450,110,2,Personal Auto,LUXURY,528
SW79912,OREGON,M,Bachelor,263254,95854,65,0,Personal Auto,TWO-DOOR CAR,312
ES39217,OREGON,F,Bachelor,778500,44897,99,1,Personal Auto,FOUR-DOOR CAR,580
KP72427,WASHINGTON,M,High School or Below,2163983,64455,108,0,Personal Auto,SUV,133
UA19178,OREGON,F,Master,498082,53265,62,0,Personal Auto,FOUR-DOOR CAR,238
PR53785,ARIZONA,F,High School or Below,745723,0,198,1,Personal Auto,LUXURY,1577
XF57481,WASHINGTON,M,Master,1064093,50450,90,0,Personal Auto,TWO-DOOR CAR,135
CN90378,CALIFORNIA,F,High School or Below,686250,54780,88,3,Personal Auto,FOUR-DOOR CAR,135
KI56154,NEVADA,M,High School or Below,904898,0,119,0,Personal Auto,LUXURY,571
UI55951,CALIFORNIA,M,Bachelor,554803,67798,69,0,Personal Auto,FOUR-DOOR CAR,331
FF28650,OREGON,M,Bachelor,831268,21442,118,0,Personal Auto,SUV,566
FS55302,CALIFORNIA,M,Bachelor,238998,27615,62,1,Personal Auto,FOUR-DOOR CAR,297
TN79487,CALIFORNIA,M,Bachelor,445811,17622,65,1,Personal Auto,FOUR-DOOR CAR,312
HG32616,NEVADA,M,High School or Below,529574,50200,135,0,Personal Auto,LUXURY,637
UK41984,ARIZONA,F,Doctor,383960,0,112,2,Personal Auto,SUV,537
LZ52266,CALIFORNIA,F,High School or Below,373150,0,96,0,Personal Auto,FOUR-DOOR CAR,460
PM27367,CALIFORNIA,F,Master,277890,73570,70,1,Special Auto,TWO-DOOR CAR,75
ZK21724,OREGON,F,High School or Below,401654,0,111,0,Personal Auto,SUV,799
BH35482,WASHINGTON,M,Doctor,493094,70412,61,0,Corporate Auto,TWO-DOOR CAR,136
QE22757,NEVADA,M,Doctor,249131,36631,62,0,Personal Auto,FOUR-DOOR CAR,67
ON77649,OREGON,F,College,290887,35895,73,0,Personal Auto,FOUR-DOOR CAR,312
RN82884,ARIZONA,F,College,428294,40864,109,1,Personal Auto,SUV,166
CQ75652,OREGON,M,College,834162,0,118,0,Personal Auto,FOUR-DOOR CAR,566
FF58467,ARIZONA,F,Master,509078,93018,63,0,Personal Auto,FOUR-DOOR CAR,135
BS83666,OREGON,M,Bachelor,736618,70014,62,0,Corporate Auto,FOUR-DOOR CAR,17
WO29605,OREGON,F,College,243687,48875,61,0,Personal Auto,TWO-DOOR CAR,1
TL77607,CALIFORNIA,M,Bachelor,885268,67969,74,0,Personal Auto,FOUR-DOOR CAR,197
EZ50606,OREGON,F,High School or Below,2387547,0,108,0,Corporate Auto,SUV,612
OS39723,OREGON,F,Doctor,560049,68665,69,0,Personal Auto,TWO-DOOR CAR,331
FN69743,CALIFORNIA,M,College,463654,26802,66,1,Corporate Auto,TWO-DOOR CAR,316
XW96958,NEVADA,M,High School or Below,757334,0,110,0,Corporate Auto,FOUR-DOOR CAR,1193
TU92578,CALIFORNIA,M,College,1469663,45345,125,0,Personal Auto,SUV,600
TL43709,WASHINGTON,M,Bachelors,897214,89689,74,0,Personal Auto,FOUR-DOOR CAR,136
YE68736,CALIFORNIA,F,Bachelor,772484,32051,193,1,Personal Auto,SUV,926
OB96537,OREGON,M,Master,594667,81139,74,0,Special Auto,FOUR-DOOR CAR,392
EU68825,OREGON,F,Master,800054,63834,100,1,Personal Auto,LUXURY,215
CC31456,ARIZONA,M,Bachelor,645756,37548,81,0,Special Auto,FOUR-DOOR CAR,160
DJ77787,ARIZONA,F,High School or Below,728144,0,69,3,Personal Auto,FOUR-DOOR CAR,371
LN26837,CALIFORNIA,M,High School or Below,259243,72421,65,0,Personal Auto,FOUR-DOOR CAR,312
YI92916,NEVADA,M,Master,467842,83102,116,0,Corporate Auto,FOUR-DOOR CAR,443
NW54906,OREGON,M,College,1386992,28432,118,0,Personal Auto,SUV,612
ME77513,NEVADA,F,Master,871777,83707,108,0,Corporate Auto,FOUR-DOOR CAR,290
UK76891,CALIFORNIA,F,College,523398,63259,65,0,Corporate Auto,FOUR-DOOR CAR,316
SI26888,NEVADA,F,High School or Below,476418,0,67,0,Personal Auto,FOUR-DOOR CAR,405
YD74948,OREGON,F,College,247246,63860,62,0,Personal Auto,FOUR-DOOR CAR,208
HB64268,WASHINGTON,M,Bachelor,281369,43836,73,0,Personal Auto,FOUR-DOOR CAR,138
BW52697,CALIFORNIA,F,College,550505,86132,68,0,Personal Auto,TWO-DOOR CAR,301
NL41409,OREGON,F,Bachelor,260620,28519,66,0,Personal Auto,TWO-DOOR CAR,456
OD69005,ARIZONA,F,High School or Below,1048194,39102,88,0,Personal Auto,FOUR-DOOR CAR,152
ZZ91716,CALIFORNIA,F,Bachelor,325676,0,89,0,Personal Auto,FOUR-DOOR CAR,491
UK70255,CALIFORNIA,F,College,3047578,97298,128,0,Personal Auto,LUXURY,48
QT25383,NEVADA,M,High School or Below,636490,41986,84,2,Personal Auto,TWO-DOOR CAR,430
AW18068,ARIZONA,M,High School or Below,946850,0,88,0,Personal Auto,TWO-DOOR CAR,633
NS45347,OREGON,F,College,563145,17291,73,0,Personal Auto,FOUR-DOOR CAR,350
FV19421,CALIFORNIA,M,Bachelor,778099,0,74,0,Personal Auto,FOUR-DOOR CAR,246
XW89091,CALIFORNIA,M,College,981652,37256,62,0,Personal Auto,FOUR-DOOR CAR,128
YC11951,OREGON,M,High School or Below,751913,96306,95,1,Corporate Auto,FOUR-DOOR CAR,185
UY18770,CALIFORNIA,F,Bachelor,1017971,14290,271,0,Personal Auto,LUXURY,1300
RA49085,CALIFORNIA,F,College,277283,37038,71,1,Corporate Auto,FOUR-DOOR CAR,9
BG84194,OREGON,M,College,403750,90760,103,2,Special Auto,SUV,133
PT64580,WASHINGTON,M,Master,419196,77048,103,0,Personal Auto,SUV,141
MR67738,OREGON,F,High School or Below,267686,54480,67,0,Personal Auto,FOUR-DOOR CAR,321
DM95829,CALIFORNIA,M,College,252395,16244,68,0,Personal Auto,TWO-DOOR CAR,623
DB75522,CALIFORNIA,F,College,698840,22436,89,0,Special Auto,FOUR-DOOR CAR,427
LM34525,WASHINGTON,F,College,874205,71592,72,0,Personal Auto,FOUR-DOOR CAR,141
WW30771,ARIZONA,M,Master,267331,28728,67,0,Personal Auto,FOUR-DOOR CAR,321
QP65569,ARIZONA,M,High School or Below,1215732,57449,103,0,Personal Auto,FOUR-DOOR CAR,494
TN50051,CALIFORNIA,F,Doctor,295776,83318,73,0,Personal Auto,TWO-DOOR CAR,211
UO86707,WASHINGTON,M,Bachelors,717390,75217,61,1,Personal Auto,FOUR-DOOR CAR,147
JA41698,NEVADA,M,Bachelor,309953,0,102,5,Corporate Auto,SUV,862
NX18774,OREGON,M,Bachelor,841568,55308,107,0,Corporate Auto,SUV,513
DA69469,OREGON,F,College,2684312,36068,97,0,Personal Auto,TWO-DOOR CAR,113
CN23147,OREGON,M,Bachelor,1305717,48804,112,1,Corporate Auto,FOUR-DOOR CAR,537
RA68844,OREGON,M,College,959995,0,131,0,Personal Auto,SUV,943
GH42026,OREGON,M,Bachelor,853510,55790,111,0,Personal Auto,SUV,117
BD16530,ARIZONA,F,Bachelor,829348,70258,69,0,Personal Auto,FOUR-DOOR CAR,225
JH91579,OREGON,F,Bachelor,684615,0,95,0,Personal Auto,TWO-DOOR CAR,456
WK23685,OREGON,F,Bachelor,663685,47274,83,1,Corporate Auto,FOUR-DOOR CAR,182
GR62267,WASHINGTON,F,College,560908,44705,71,0,Personal Auto,TWO-DOOR CAR,148
PI78084,ARIZONA,M,High School or Below,507732,0,73,0,Personal Auto,TWO-DOOR CAR,525
GF97874,WASHINGTON,F,Master,527562,70446,65,0,Personal Auto,FOUR-DOOR CAR,155
ZH19885,WASHINGTON,F,High School or Below,251459,43860,65,0,Personal Auto,FOUR-DOOR CAR,156
UK25655,OREGON,F,Bachelor,343525,64348,86,0,Personal Auto,TWO-DOOR CAR,212
QR45101,OREGON,M,Bachelor,662461,0,62,0,Corporate Auto,TWO-DOOR CAR,297
EL93539,CALIFORNIA,M,Master,575744,88997,72,0,Special Auto,FOUR-DOOR CAR,174
EE99484,WASHINGTON,F,High School or Below,251459,43860,65,0,Corporate Auto,FOUR-DOOR CAR,156
DP46882,CALIFORNIA,F,High School or Below,288645,10312,78,0,Corporate Auto,FOUR-DOOR CAR,486
WP41146,CALIFORNIA,F,High School or Below,534143,0,72,1,Personal Auto,FOUR-DOOR CAR,345
TK60799,ARIZONA,F,High School or Below,416001,96263,103,0,Personal Auto,SUV,1
DN29808,CALIFORNIA,F,College,284624,28919,72,0,Corporate Auto,FOUR-DOOR CAR,518
SS59521,OREGON,F,College,477025,0,68,1,Personal Auto,TWO-DOOR CAR,326
NG66579,OREGON,M,Bachelor,505961,41869,64,0,Personal Auto,TWO-DOOR CAR,262
TC14209,ARIZONA,F,High School or Below,909574,0,128,0,Personal Auto,SUV,921
ED50963,CALIFORNIA,F,High School or Below,268886,32808,68,1,Personal Auto,FOUR-DOOR CAR,541
GP40701,CALIFORNIA,F,Bachelor,827763,79780,68,0,Personal Auto,FOUR-DOOR CAR,326
CP98451,OREGON,F,College,905793,91025,112,0,Personal Auto,SUV,327
NX52648,CALIFORNIA,F,High School or Below,380175,33043,95,0,Personal Auto,TWO-DOOR CAR,456
ZC32510,ARIZONA,M,High School or Below,933934,69442,118,3,Personal Auto,FOUR-DOOR CAR,1265
NG27780,OREGON,M,College,252012,0,70,0,Corporate Auto,FOUR-DOOR CAR,63
HN95240,ARIZONA,F,College,498409,0,70,0,Corporate Auto,FOUR-DOOR CAR,336
EB59129,OREGON,F,Bachelor,259574,47234,65,0,Personal Auto,FOUR-DOOR CAR,15
RA70851,OREGON,M,High School or Below,743769,86863,92,0,Personal Auto,FOUR-DOOR CAR,441
PM19162,OREGON,M,Bachelor,1453678,25805,66,2,Personal Auto,FOUR-DOOR CAR,375
MS59005,NEVADA,M,Bachelor,591330,43676,76,0,Personal Auto,FOUR-DOOR CAR,364
SU71163,ARIZONA,M,College,277166,59855,74,4,Personal Auto,TWO-DOOR CAR,355
BD35676,ARIZONA,M,Master,2919436,35296,126,0,Personal Auto,SUV,452
NI44621,OREGON,F,Master,988038,36576,125,1,Personal Auto,SUV,113
EW33419,CALIFORNIA,F,High School or Below,1511440,28513,100,1,Corporate Auto,SUV,480
HX44948,OREGON,M,Bachelor,575991,85448,72,0,Special Auto,FOUR-DOOR CAR,16
DL36983,OREGON,F,High School or Below,849516,23791,110,3,Personal Auto,TWO-DOOR CAR,615
XR87264,CALIFORNIA,F,Bachelor,438118,20597,112,0,Personal Auto,FOUR-DOOR CAR,615
NN99001,ARIZONA,F,College,699782,56940,87,0,Personal Auto,FOUR-DOOR CAR,512
XV95530,OREGON,M,Bachelor,1143058,93210,71,0,Personal Auto,TWO-DOOR CAR,74
OL97871,OREGON,F,Bachelor,748248,48992,94,1,Personal Auto,FOUR-DOOR CAR,426
HQ23708,ARIZONA,F,Master,859691,53736,71,0,Personal Auto,TWO-DOOR CAR,169
WR63188,ARIZONA,M,College,785496,25378,66,1,Personal Auto,FOUR-DOOR CAR,419
NG82219,OREGON,F,Bachelor,258240,76731,64,0,Personal Auto,FOUR-DOOR CAR,201
KU29408,WASHINGTON,M,Master,907576,37722,116,0,Corporate Auto,LUXURY,158
RE46783,CALIFORNIA,F,Bachelor,411858,69379,103,0,Personal Auto,TWO-DOOR CAR,494
RU94434,OREGON,M,High School or Below,1215732,57449,103,0,Personal Auto,FOUR-DOOR CAR,494
GI82355,ARIZONA,M,Bachelor,515281,0,68,0,Corporate Auto,FOUR-DOOR CAR,326
VO26340,NEVADA,M,College,651297,0,93,0,Personal Auto,TWO-DOOR CAR,669
NV61299,ARIZONA,F,Bachelor,2778969,33806,89,0,Corporate Auto,FOUR-DOOR CAR,395
DX31066,WASHINGTON,F,College,266727,94041,66,0,Personal Auto,FOUR-DOOR CAR,159
CY50337,OREGON,F,College,1092840,74965,90,0,Personal Auto,FOUR-DOOR CAR,58
TJ20375,ARIZONA,F,High School or Below,761538,34095,63,0,Personal Auto,TWO-DOOR CAR,302
EP72155,CALIFORNIA,F,College,200435,0,66,4,Personal Auto,FOUR-DOOR CAR,316
JJ76159,CALIFORNIA,M,College,243468,96045,61,0,Corporate Auto,FOUR-DOOR CAR,8
BG15419,NEVADA,F,Bachelor,1419536,86355,118,0,Personal Auto,LUXURY,285
AO74776,CALIFORNIA,F,High School or Below,942768,27824,118,0,Personal Auto,SUV,566
HQ82233,CALIFORNIA,M,High School or Below,1198242,42995,101,0,Personal Auto,SUV,410
OL72737,OREGON,F,High School or Below,310278,21235,79,0,Personal Auto,TWO-DOOR CAR,244
ZQ59828,CALIFORNIA,M,High School or Below,422263,74585,106,0,Personal Auto,SUV,218
NZ15548,OREGON,M,Bachelor,402381,41833,103,0,Personal Auto,FOUR-DOOR CAR,643
XK61304,CALIFORNIA,F,College,529715,23908,70,0,Personal Auto,FOUR-DOOR CAR,336
EJ44139,OREGON,M,Bachelor,2142363,0,65,0,Personal Auto,TWO-DOOR CAR,312
CM94425,ARIZONA,M,Bachelor,441620,61953,113,0,Personal Auto,SUV,497
OV54878,CALIFORNIA,M,Bachelor,463903,0,142,0,Corporate Auto,SUV,1022
JF57282,NEVADA,M,Bachelor,486354,0,137,0,Personal Auto,SUV,657
MY37953,ARIZONA,F,Bachelor,2583090,73760,107,1,Personal Auto,LUXURY,230
XP64922,OREGON,F,College,297431,23333,74,0,Corporate Auto,FOUR-DOOR CAR,5
WL65572,CALIFORNIA,M,College,206445,0,61,0,Personal Auto,FOUR-DOOR CAR,292
LN50325,ARIZONA,F,High School or Below,1006460,20440,128,2,Corporate Auto,LUXURY,614
HJ15383,WASHINGTON,M,Master,803240,27658,68,0,Personal Auto,FOUR-DOOR CAR,160
KH59823,CALIFORNIA,M,College,548921,50943,139,0,Special Auto,SUV,667
YM79169,CALIFORNIA,M,Bachelor,261275,19003,71,0,Personal Auto,TWO-DOOR CAR,34
DR38127,CALIFORNIA,M,College,857346,46703,108,0,Personal Auto,FOUR-DOOR CAR,678
PU42145,CALIFORNIA,M,Bachelor,2412750,14072,71,0,Personal Auto,FOUR-DOOR CAR,511
KM33477,OREGON,M,College,855038,21733,73,0,Corporate Auto,FOUR-DOOR CAR,525
RI53167,ARIZONA,M,Bachelor,230864,20811,61,0,Personal Auto,FOUR-DOOR CAR,292
OF77789,ARIZONA,F,High School or Below,425462,11904,61,2,Personal Auto,TWO-DOOR CAR,292
YB33445,OREGON,F,College,898285,43490,114,4,Corporate Auto,SUV,174
BA17836,CALIFORNIA,M,High School or Below,786816,57340,67,0,Corporate Auto,FOUR-DOOR CAR,159
JS43228,CALIFORNIA,M,College,770424,49088,97,0,Corporate Auto,FOUR-DOOR CAR,698
BB11622,NEVADA,M,Master,1055217,47761,131,0,Personal Auto,SUV,232
HQ70429,WASHINGTON,F,College,1604510,0,65,0,Personal Auto,TWO-DOOR CAR,163
WK88044,ARIZONA,M,Bachelor,873783,61281,110,0,Personal Auto,SUV,79
LA80525,NEVADA,M,Bachelor,545489,0,82,1,Corporate Auto,TWO-DOOR CAR,393
EH16250,ARIZONA,M,Bachelor,770528,25290,66,0,Personal Auto,FOUR-DOOR CAR,382
PU41872,ARIZONA,F,High School or Below,703926,24239,88,0,Personal Auto,FOUR-DOOR CAR,48
HB85743,CALIFORNIA,M,Bachelor,883808,82664,114,3,Personal Auto,SUV,133
MM71959,ARIZONA,M,Bachelor,873352,83210,110,0,Personal Auto,LUXURY,528
MB83663,OREGON,F,Bachelor,959747,38736,81,0,Personal Auto,TWO-DOOR CAR,561
KR43119,CALIFORNIA,M,College,450666,0,66,0,Personal Auto,FOUR-DOOR CAR,316
KH24214,OREGON,M,College,1785797,55437,64,1,Personal Auto,FOUR-DOOR CAR,445
AC40767,WASHINGTON,M,Bachelors,249780,68041,6464,0,Personal Auto,TWO-DOOR CAR,165
HP55391,OREGON,M,Master,542613,0,71,0,Corporate Auto,FOUR-DOOR CAR,407
EG62398,CALIFORNIA,F,High School or Below,799814,29066,100,0,Personal Auto,SUV,844
VS19949,NEVADA,M,Bachelor,289762,54337,72,0,Personal Auto,FOUR-DOOR CAR,345
AM92343,OREGON,F,High School or Below,1159950,67616,96,0,Personal Auto,FOUR-DOOR CAR,340
GI68556,CALIFORNIA,F,Bachelor,1514793,41082,63,0,Personal Auto,TWO-DOOR CAR,106
JT11876,WASHINGTON,F,High School or Below,543576,0,10202,0,Personal Auto,FOUR-DOOR CAR,626
XR64251,NEVADA,F,Master,272535,36650,69,1,Personal Auto,FOUR-DOOR CAR,56
MK34957,OREGON,F,College,1329771,50631,112,4,Special Auto,SUV,784
GP18756,CALIFORNIA,M,College,992704,19592,92,0,Personal Auto,FOUR-DOOR CAR,441
AP23850,WASHINGTON,F,High School or Below,1777154,0,114,0,Personal Auto,TWO-DOOR CAR,547
KQ65521,ARIZONA,F,College,1826927,55761,115,0,Personal Auto,LUXURY,86
EJ19449,CALIFORNIA,F,College,272221,17576,71,0,Special Auto,FOUR-DOOR CAR,398
QB70027,CALIFORNIA,F,Bachelor,708321,41449,89,0,Personal Auto,FOUR-DOOR CAR,63
QW47320,CALIFORNIA,F,Bachelor,1017971,14290,271,0,Personal Auto,LUXURY,1300
KH64733,NEVADA,F,College,588950,62007,73,0,Personal Auto,FOUR-DOOR CAR,120
ON59472,ARIZONA,M,High School or Below,1577139,21921,206,0,Corporate Auto,LUXURY,1254
HP94242,ARIZONA,F,Bachelor,528817,42621,66,0,Personal Auto,FOUR-DOOR CAR,316
RV15398,OREGON,M,College,2758055,0,87,1,Personal Auto,FOUR-DOOR CAR,417
EA25683,WASHINGTON,M,High School or Below,777853,63786,196,0,Corporate Auto,LUXURY,798
PW73754,CALIFORNIA,F,High School or Below,734186,0,104,3,Personal Auto,LUXURY,82
MC71942,CALIFORNIA,F,High School or Below,791919,82877,99,1,Personal Auto,TWO-DOOR CAR,22
OX72195,ARIZONA,M,College,216387,0,63,0,Corporate Auto,TWO-DOOR CAR,302
YQ99152,NEVADA,M,High School or Below,978780,10475,88,1,Personal Auto,TWO-DOOR CAR,422
KI19439,OREGON,F,High School or Below,520764,21952,66,0,Personal Auto,FOUR-DOOR CAR,316
PM76175,OREGON,F,Bachelor,2114727,49721,132,0,Corporate Auto,LUXURY,639
US45383,CALIFORNIA,M,College,1228076,88340,102,0,Personal Auto,TWO-DOOR CAR,489
GT38956,CALIFORNIA,F,College,244139,0,65,0,Personal Auto,FOUR-DOOR CAR,312
SN41301,OREGON,M,Bachelor,653556,0,65,0,Corporate Auto,FOUR-DOOR CAR,468
BE62503,WASHINGTON,F,College,920659,24589,82,0,Personal Auto,TWO-DOOR CAR,511
PA16884,CALIFORNIA,F,Bachelor,411858,69379,103,0,Personal Auto,TWO-DOOR CAR,494
NC58480,NEVADA,F,Bachelor,483820,73769,61,2,Personal Auto,FOUR-DOOR CAR,239
NS39326,CALIFORNIA,F,College,462554,66670,114,0,Personal Auto,SUV,518
PN18507,ARIZONA,M,Bachelor,1404210,88854,118,0,Personal Auto,TWO-DOOR CAR,715
EK91340,OREGON,M,Bachelor,754661,31266,193,0,Corporate Auto,LUXURY,926
JY16280,CALIFORNIA,F,High School or Below,251459,43860,65,0,Personal Auto,FOUR-DOOR CAR,156
ZW71731,CALIFORNIA,M,Bachelor,517035,89284,133,2,Corporate Auto,SUV,402
ZC24631,OREGON,M,College,1391737,67267,89,0,Corporate Auto,FOUR-DOOR CAR,94
YR34689,CALIFORNIA,F,High School or Below,1131813,79270,95,3,Personal Auto,FOUR-DOOR CAR,456
RT65829,OREGON,M,Bachelor,427636,36692,109,1,Personal Auto,FOUR-DOOR CAR,523
BZ12077,OREGON,F,High School or Below,432224,0,119,0,Personal Auto,SUV,571
WM65373,CALIFORNIA,F,College,800230,0,107,0,Corporate Auto,SUV,513
NH35059,NEVADA,M,College,388545,0,105,0,Corporate Auto,FOUR-DOOR CAR,504
QD38160,OREGON,M,College,447177,0,135,0,Personal Auto,SUV,972
BM15160,CALIFORNIA,F,High School or Below,849635,44624,71,1,Special Auto,FOUR-DOOR CAR,73
VY79030,ARIZONA,F,College,2250088,0,71,0,Corporate Auto,FOUR-DOOR CAR,340
EV19512,NEVADA,F,Master,1630196,19614,85,0,Personal Auto,TWO-DOOR CAR,574
TE13577,OREGON,F,College,231973,0,64,0,Personal Auto,FOUR-DOOR CAR,632
WY97929,ARIZONA,M,College,871704,83846,74,3,Special Auto,FOUR-DOOR CAR,355
YG20683,WASHINGTON,M,College,286011,51159,72,0,Personal Auto,FOUR-DOOR CAR,4
FK75497,CALIFORNIA,M,College,245340,83772,62,0,Personal Auto,TWO-DOOR CAR,42
NE60110,ARIZONA,M,College,598977,66839,154,0,Personal Auto,LUXURY,739
TN36521,ARIZONA,F,College,2498022,88440,70,0,Personal Auto,TWO-DOOR CAR,27
HG33568,ARIZONA,F,Master,748263,25666,63,2,Personal Auto,FOUR-DOOR CAR,270
TW17878,OREGON,F,High School or Below,245757,52926,61,0,Personal Auto,FOUR-DOOR CAR,292
ZO83562,NEVADA,F,Bachelor,237974,0,67,0,Personal Auto,FOUR-DOOR CAR,494
CH97539,WASHINGTON,F,Bachelor,828696,40001,70,0,Personal Auto,FOUR-DOOR CAR,142
CV29889,CALIFORNIA,M,College,239391,0,70,0,Personal Auto,FOUR-DOOR CAR,425
MO33320,OREGON,M,College,465715,18024,65,0,Personal Auto,TWO-DOOR CAR,312
QZ81258,OREGON,F,College,1319792,0,68,3,Personal Auto,FOUR-DOOR CAR,326
NY56352,OREGON,F,Bachelor,280391,23220,74,0,Personal Auto,FOUR-DOOR CAR,251
EA27048,CALIFORNIA,F,High School or Below,864650,64125,108,0,Personal Auto,SUV,369
UT38865,OREGON,F,College,742587,58042,62,0,Corporate Auto,FOUR-DOOR CAR,161
QC89139,OREGON,F,High School or Below,452873,90034,112,0,Corporate Auto,SUV,537
LA14484,NEVADA,M,High School or Below,222707,27972,61,0,Special Auto,FOUR-DOOR CAR,292
HN57556,CALIFORNIA,F,High School or Below,729294,0,65,0,Personal Auto,FOUR-DOOR CAR,312
CV31235,ARIZONA,M,Bachelor,318435,50989,80,0,Corporate Auto,FOUR-DOOR CAR,255
WR45726,ARIZONA,F,Bachelor,1131520,11885,101,0,Special Auto,FOUR-DOOR CAR,484
LB25094,CALIFORNIA,F,Bachelor,253070,89451,63,0,Special Auto,FOUR-DOOR CAR,61
KW56110,OREGON,M,Bachelor,1836155,0,182,0,Personal Auto,LUXURY,1310
XO36233,WASHINGTON,M,Bachelor,864153,78904,109,0,Personal Auto,SUV,250
ZX86243,ARIZONA,M,Doctor,327853,70247,83,1,Personal Auto,FOUR-DOOR CAR,141
DW29763,ARIZONA,M,High School or Below,527198,32653,67,0,Personal Auto,TWO-DOOR CAR,321
CT83377,WASHINGTON,M,High School or Below,376363,93595,97,4,Special Auto,FOUR-DOOR CAR,49
OQ90898,CALIFORNIA,M,Master,1395556,90279,115,0,Personal Auto,SUV,372
GO77248,OREGON,F,College,500152,0,72,0,Personal Auto,FOUR-DOOR CAR,542
QW33258,CALIFORNIA,M,Bachelor,708283,53310,189,3,Personal Auto,LUXURY,1360
OU79745,CALIFORNIA,M,College,761948,0,105,0,Personal Auto,FOUR-DOOR CAR,504
VZ79886,OREGON,F,Bachelor,1255088,22234,160,0,Personal Auto,SUV,768
FI92440,WASHINGTON,F,High School or Below,3219660,91375,99,0,Personal Auto,TWO-DOOR CAR,72
YG85980,NEVADA,F,High School or Below,679377,22250,86,0,Personal Auto,TWO-DOOR CAR,720
QM74621,OREGON,M,Bachelor,527231,0,80,0,Personal Auto,FOUR-DOOR CAR,576
EI71732,OREGON,F,Doctor,626534,0,84,1,Personal Auto,FOUR-DOOR CAR,481
VN79010,CALIFORNIA,F,High School or Below,854758,51179,71,0,Corporate Auto,FOUR-DOOR CAR,466
FI61723,CALIFORNIA,M,Bachelor,278742,38667,72,0,Personal Auto,FOUR-DOOR CAR,159
OH55411,CALIFORNIA,F,Master,462680,79487,114,0,Corporate Auto,SUV,547
TF10720,NEVADA,F,Doctor,866336,67763,107,2,Personal Auto,FOUR-DOOR CAR,41
NW30838,NEVADA,M,High School or Below,387222,0,62,2,Corporate Auto,FOUR-DOOR CAR,503
CB58476,OREGON,F,College,517081,0,71,0,Corporate Auto,FOUR-DOOR CAR,859
WI69346,CALIFORNIA,F,Master,896028,71943,112,0,Corporate Auto,SUV,305
FS76657,OREGON,F,College,547183,53526,68,0,Personal Auto,FOUR-DOOR CAR,278
YX89016,OREGON,M,College,3493100,35005,295,0,Personal Auto,LUXURY,1416
PK28821,CALIFORNIA,M,College,262039,24721,67,0,Personal Auto,FOUR-DOOR CAR,139
MB51200,WASHINGTON,M,College,1906949,0,102,2,Personal Auto,FOUR-DOOR CAR,734
XG44587,ARIZONA,M,Master,575744,88997,72,0,Personal Auto,FOUR-DOOR CAR,174
FG91922,ARIZONA,M,Master,4022401,48587,111,0,Personal Auto,SUV,532
OM99303,ARIZONA,F,High School or Below,270148,76310,67,0,Personal Auto,TWO-DOOR CAR,321
RV67546,CALIFORNIA,M,Bachelor,371243,73205,92,0,Personal Auto,FOUR-DOOR CAR,37
UJ79253,OREGON,F,College,2185084,51056,78,0,Personal Auto,FOUR-DOOR CAR,95
PN98247,CALIFORNIA,M,College,784016,58414,210,2,Personal Auto,LUXURY,1008
IB67546,CALIFORNIA,F,Bachelor,823703,23940,107,0,Personal Auto,SUV,513
OE19087,CALIFORNIA,F,High School or Below,224347,0,62,0,Personal Auto,FOUR-DOOR CAR,446
CM95716,CALIFORNIA,M,Bachelor,843446,44216,71,0,Personal Auto,FOUR-DOOR CAR,72
MW62634,CALIFORNIA,M,High School or Below,222707,27972,61,0,Corporate Auto,FOUR-DOOR CAR,292
QW67581,ARIZONA,F,High School or Below,517002,0,69,0,Personal Auto,FOUR-DOOR CAR,331
SN16059,CALIFORNIA,F,Master,264144,29305,66,0,Personal Auto,FOUR-DOOR CAR,475
OE51254,CALIFORNIA,F,College,279068,53882,69,0,Personal Auto,FOUR-DOOR CAR,331
RM42344,OREGON,M,College,274512,91757,69,1,Personal Auto,FOUR-DOOR CAR,331
GB35238,CALIFORNIA,F,Bachelor,757953,33906,64,0,Personal Auto,TWO-DOOR CAR,401
ML82674,OREGON,M,Bachelor,1097878,68158,139,1,Personal Auto,SUV,253
EI85244,CALIFORNIA,M,College,825506,0,134,3,Personal Auto,SUV,643
DE28132,OREGON,M,College,474773,42165,123,0,Corporate Auto,SUV,799
TV25678,WASHINGTON,M,College,354090,0,101,0,Personal Auto,SUV,727
TY26512,CALIFORNIA,M,Doctor,343613,30817,88,0,Personal Auto,FOUR-DOOR CAR,91
OB69153,CALIFORNIA,M,Bachelor,258218,68074,65,0,Personal Auto,FOUR-DOOR CAR,27
QZ77637,WASHINGTON,F,College,1166509,84978,35353,1,Corporate Auto,FOUR-DOOR CAR,166
XN41715,CALIFORNIA,F,Master,739628,71135,92,1,Personal Auto,FOUR-DOOR CAR,270
QR15857,CALIFORNIA,F,College,433079,0,61,0,Personal Auto,TWO-DOOR CAR,292
FL69363,OREGON,M,Master,907576,37722,116,0,Personal Auto,LUXURY,158
IS30295,ARIZONA,F,Bachelor,1463545,0,139,0,Personal Auto,SUV,667
WA25797,WASHINGTON,M,High School or Below,856476,95697,107,0,Personal Auto,LUXURY,178
NL59519,CALIFORNIA,F,College,1156568,64642,96,0,Personal Auto,FOUR-DOOR CAR,404
ZU93025,OREGON,F,College,277104,50071,71,0,Personal Auto,TWO-DOOR CAR,18
DK94262,OREGON,M,High School or Below,850712,46754,106,1,Personal Auto,SUV,513
UQ30615,CALIFORNIA,M,College,758211,64801,64,0,Corporate Auto,FOUR-DOOR CAR,268
OR40060,ARIZONA,M,Bachelor,332309,70410,83,0,Personal Auto,FOUR-DOOR CAR,131
DK32872,NEVADA,F,High School or Below,523433,66957,131,1,Personal Auto,SUV,628
FA46418,NEVADA,F,High School or Below,2470959,24213,78,1,Personal Auto,FOUR-DOOR CAR,374
ER19995,WASHINGTON,F,College,1778627,99790,6464,0,Personal Auto,FOUR-DOOR CAR,178
KI75855,OREGON,M,Master,255122,79751,63,0,Personal Auto,TWO-DOOR CAR,392
ND41876,ARIZONA,M,High School or Below,724771,86122,182,1,Personal Auto,LUXURY,873
PN21042,ARIZONA,M,Bachelor,453884,82297,116,0,Personal Auto,LUXURY,0
GJ43254,WASHINGTON,M,College,3164210,89057,98,0,Corporate Auto,TWO-DOOR CAR,187
AL46984,CALIFORNIA,M,High School or Below,873042,43259,73,0,Personal Auto,FOUR-DOOR CAR,350
JP58047,OREGON,M,College,833273,0,79,0,Personal Auto,FOUR-DOOR CAR,379
ZE85014,CALIFORNIA,M,College,235774,25064,62,0,Personal Auto,FOUR-DOOR CAR,297
KU88219,ARIZONA,M,Master,463716,25816,119,0,Personal Auto,LUXURY,571
UU98729,CALIFORNIA,M,Bachelor,535719,0,73,0,Personal Auto,FOUR-DOOR CAR,350
WS82822,OREGON,F,College,539197,41662,69,0,Corporate Auto,FOUR-DOOR CAR,217
YB49933,ARIZONA,M,Bachelor,369414,96170,92,0,Personal Auto,FOUR-DOOR CAR,441
XC16387,ARIZONA,F,High School or Below,504041,46072,64,0,Personal Auto,FOUR-DOOR CAR,25
XJ96748,ARIZONA,F,High School or Below,2749542,37931,99,0,Personal Auto,FOUR-DOOR CAR,475
TM98684,OREGON,M,High School or Below,484228,35127,62,0,Personal Auto,FOUR-DOOR CAR,297
AY18433,WASHINGTON,F,High School or Below,2738281,45473,76,0,Special Auto,TWO-DOOR CAR,188
DM74502,NEVADA,F,College,522710,93087,131,3,Corporate Auto,LUXURY,628
FT56968,ARIZONA,M,High School or Below,259009,22398,67,2,Personal Auto,FOUR-DOOR CAR,321
OX36896,CALIFORNIA,M,High School or Below,1053607,92983,87,1,Corporate Auto,FOUR-DOOR CAR,153
BZ65376,ARIZONA,M,Bachelor,858127,27689,239,2,Personal Auto,LUXURY,2893
LN34660,CALIFORNIA,F,College,946311,69654,118,0,Corporate Auto,SUV,629
JC29295,CALIFORNIA,F,Bachelor,1344100,80744,111,0,Personal Auto,SUV,361
KJ87930,CALIFORNIA,F,Bachelor,388650,0,112,0,Corporate Auto,SUV,1185
XT36360,ARIZONA,F,High School or Below,678489,0,64,1,Personal Auto,FOUR-DOOR CAR,460
IX35050,ARIZONA,M,Bachelor,2359468,76358,66,0,Special Auto,FOUR-DOOR CAR,86
UN97379,OREGON,M,Bachelor,253862,18608,71,0,Corporate Auto,FOUR-DOOR CAR,340
MR57294,CALIFORNIA,M,High School or Below,563994,73168,70,0,Personal Auto,FOUR-DOOR CAR,425
UG79499,WASHINGTON,M,Bachelor,1168137,70930,99,0,Personal Auto,FOUR-DOOR CAR,190
UA50747,WASHINGTON,F,High School or Below,2599775,62262,72,0,Corporate Auto,FOUR-DOOR CAR,193
GL20444,NEVADA,F,Master,1377836,91474,113,0,Corporate Auto,TWO-DOOR CAR,24
SP58110,CALIFORNIA,F,Bachelor,492318,61469,63,5,Personal Auto,FOUR-DOOR CAR,302
XM91635,ARIZONA,F,High School or Below,227233,16618,62,0,Special Auto,FOUR-DOOR CAR,219
TV82603,CALIFORNIA,F,Bachelor,1489539,48081,188,0,Personal Auto,LUXURY,881
BB82067,OREGON,M,Doctor,975604,67632,121,0,Personal Auto,LUXURY,26
JP94676,OREGON,F,Bachelor,942297,34115,119,0,Personal Auto,SUV,466
VU53417,ARIZONA,M,High School or Below,383735,23051,99,0,Personal Auto,TWO-DOOR CAR,475
IW54795,CALIFORNIA,M,College,1095213,23748,99,0,Personal Auto,FOUR-DOOR CAR,607
RN78170,ARIZONA,F,College,815913,40589,69,0,Corporate Auto,FOUR-DOOR CAR,331
IX55883,CALIFORNIA,F,College,1948049,50809,83,0,Personal Auto,FOUR-DOOR CAR,290
XM72420,ARIZONA,F,High School or Below,391936,66676,97,0,Personal Auto,FOUR-DOOR CAR,558
GC15104,NEVADA,F,Bachelor,798514,52339,70,3,Corporate Auto,FOUR-DOOR CAR,336
RX13282,OREGON,M,Bachelor,1216874,14973,115,0,Personal Auto,SUV,828
QA85890,ARIZONA,F,High School or Below,584932,0,83,0,Corporate Auto,FOUR-DOOR CAR,540
IR62668,ARIZONA,F,Bachelor,508583,31546,65,0,Personal Auto,FOUR-DOOR CAR,100
AL96740,CALIFORNIA,F,College,290393,67763,73,1,Personal Auto,FOUR-DOOR CAR,59
SS48498,WASHINGTON,F,College,627317,20836,79,0,Corporate Auto,FOUR-DOOR CAR,193
PE39479,WASHINGTON,M,College,1832141,88592,76,0,Corporate Auto,FOUR-DOOR CAR,199
JH62891,OREGON,F,College,517870,66943,65,1,Special Auto,FOUR-DOOR CAR,53
FI20423,ARIZONA,F,High School or Below,1402435,81872,115,0,Special Auto,FOUR-DOOR CAR,256
PM13394,WASHINGTON,F,College,530943,22404,70,1,Personal Auto,FOUR-DOOR CAR,211
YV67971,CALIFORNIA,F,High School or Below,494980,21342,62,0,Personal Auto,FOUR-DOOR CAR,74
QD31377,CALIFORNIA,M,Bachelor,859566,34621,108,1,Corporate Auto,SUV,621
YG10247,OREGON,M,College,2295189,62396,64,0,Personal Auto,FOUR-DOOR CAR,307
FE73696,OREGON,M,High School or Below,379213,97212,93,0,Personal Auto,TWO-DOOR CAR,360
SW19699,ARIZONA,F,Bachelor,275574,49648,70,0,Personal Auto,FOUR-DOOR CAR,65
QJ40732,ARIZONA,M,College,488033,97984,61,1,Personal Auto,FOUR-DOOR CAR,407
HM76207,CALIFORNIA,F,College,905190,26308,114,0,Corporate Auto,SUV,547
NT59303,OREGON,F,College,1011544,63528,256,0,Personal Auto,LUXURY,1228
PU41393,NEVADA,M,College,826907,20225,114,1,Special Auto,SUV,547
QO86948,NEVADA,M,High School or Below,807165,0,112,0,Personal Auto,SUV,806
QN10888,OREGON,F,High School or Below,772699,87620,64,0,Personal Auto,FOUR-DOOR CAR,24
VY19543,CALIFORNIA,F,Bachelor,831113,0,72,0,Corporate Auto,FOUR-DOOR CAR,311
XC15133,NEVADA,F,Master,257402,34990,65,0,Personal Auto,FOUR-DOOR CAR,42
ST43550,OREGON,M,Bachelor,572732,99934,71,0,Special Auto,FOUR-DOOR CAR,460
FX36546,WASHINGTON,M,Master,367914,60804,92,0,Personal Auto,FOUR-DOOR CAR,213
JX68983,OREGON,M,Bachelor,274451,94648,69,0,Personal Auto,FOUR-DOOR CAR,331
HX78576,CALIFORNIA,F,High School or Below,563674,24516,71,0,Personal Auto,FOUR-DOOR CAR,300
ZQ11381,ARIZONA,M,Bachelor,1687038,61063,85,0,Personal Auto,FOUR-DOOR CAR,262
ON39271,CALIFORNIA,M,Master,273800,0,74,0,Personal Auto,TWO-DOOR CAR,263
SB18278,OREGON,M,Bachelor,464470,0,64,0,Corporate Auto,FOUR-DOOR CAR,307
ZT30559,CALIFORNIA,F,High School or Below,474668,15169,63,0,Personal Auto,FOUR-DOOR CAR,302
XI41106,ARIZONA,M,College,1687432,55390,71,0,Corporate Auto,TWO-DOOR CAR,256
ZS88847,OREGON,F,Bachelor,238760,27592,62,0,Personal Auto,FOUR-DOOR CAR,297
RU49126,WASHINGTON,F,College,446533,61846,112,0,Personal Auto,SUV,215
KR62797,ARIZONA,F,High School or Below,459162,83297,113,0,Personal Auto,SUV,542
ZJ73220,ARIZONA,F,College,1309258,0,188,0,Special Auto,LUXURY,1353
FY62633,OREGON,M,Bachelor,911226,0,90,0,Personal Auto,FOUR-DOOR CAR,432
CU36986,CALIFORNIA,F,High School or Below,416516,55897,104,0,Personal Auto,FOUR-DOOR CAR,499
WZ53904,ARIZONA,M,Bachelor,265998,21297,71,0,Personal Auto,FOUR-DOOR CAR,45
AA71604,ARIZONA,F,Master,1198659,87560,98,1,Personal Auto,TWO-DOOR CAR,470
TD10493,OREGON,F,High School or Below,289873,0,96,4,Personal Auto,FOUR-DOOR CAR,691
LY97989,OREGON,F,Bachelor,289424,0,85,0,Personal Auto,FOUR-DOOR CAR,408
VX39856,ARIZONA,F,Doctor,350045,89398,86,0,Personal Auto,FOUR-DOOR CAR,82
TP51897,CALIFORNIA,F,College,262180,36843,68,3,Corporate Auto,FOUR-DOOR CAR,357
QQ89253,OREGON,F,College,1022180,0,134,0,Personal Auto,SUV,643
EI91403,CALIFORNIA,M,High School or Below,257827,34946,65,0,Personal Auto,TWO-DOOR CAR,420
QG15435,ARIZONA,F,College,624259,75680,78,0,Personal Auto,FOUR-DOOR CAR,136
FZ55002,NEVADA,F,Doctor,522028,0,69,0,Personal Auto,FOUR-DOOR CAR,331
HX77930,WASHINGTON,F,College,313643,49532,79,1,Personal Auto,FOUR-DOOR CAR,220
UN37063,ARIZONA,M,Bachelor,452536,10269,65,0,Personal Auto,TWO-DOOR CAR,170
VB87946,CALIFORNIA,M,College,497035,49714,63,3,Personal Auto,FOUR-DOOR CAR,266
AB60627,CALIFORNIA,M,High School or Below,1546778,77517,129,0,Corporate Auto,SUV,98
TA34903,OREGON,M,High School or Below,583889,81082,73,0,Personal Auto,FOUR-DOOR CAR,281
AQ51368,OREGON,F,Bachelor,1065688,72540,88,0,Corporate Auto,TWO-DOOR CAR,631
NZ26102,OREGON,F,High School or Below,228961,0,65,0,Personal Auto,FOUR-DOOR CAR,468
GB45753,CALIFORNIA,M,High School or Below,543980,61546,68,0,Corporate Auto,TWO-DOOR CAR,29
BV79904,CALIFORNIA,F,Master,795615,44818,67,1,Personal Auto,TWO-DOOR CAR,136
OB49075,ARIZONA,M,Bachelor,445811,17622,65,1,Personal Auto,FOUR-DOOR CAR,312
DS97676,OREGON,F,College,255505,0,72,0,Personal Auto,FOUR-DOOR CAR,518
JO63462,CALIFORNIA,M,Bachelor,330799,79797,84,0,Corporate Auto,TWO-DOOR CAR,31
NJ10602,WASHINGTON,F,College,845905,92717,70,0,Personal Auto,TWO-DOOR CAR,224
RS24501,OREGON,F,College,1335012,28919,173,0,Personal Auto,SUV,830
VT78274,ARIZONA,M,College,493122,0,68,0,Personal Auto,FOUR-DOOR CAR,480
SU56153,NEVADA,M,Bachelor,777683,63568,65,0,Corporate Auto,TWO-DOOR CAR,390
MN20737,NEVADA,F,College,255367,73935,64,1,Corporate Auto,FOUR-DOOR CAR,72
KL43114,ARIZONA,F,High School or Below,487646,0,66,0,Corporate Auto,TWO-DOOR CAR,316
YQ15567,OREGON,F,Bachelor,903430,18846,115,0,Personal Auto,SUV,552
TR88637,ARIZONA,F,High School or Below,810591,38893,103,0,Personal Auto,SUV,41
TC88986,OREGON,M,High School or Below,561968,0,153,0,Special Auto,SUV,1027
XX88577,CALIFORNIA,M,Bachelor,1572713,84824,196,0,Corporate Auto,SUV,319
NE49052,CALIFORNIA,F,High School or Below,661801,20068,86,0,Corporate Auto,FOUR-DOOR CAR,411
KX17826,OREGON,M,Doctor,467004,0,125,0,Corporate Auto,SUV,600
CC91503,ARIZONA,F,High School or Below,1016936,0,135,0,Personal Auto,LUXURY,648
WH32183,CALIFORNIA,M,Bachelor,832307,97245,70,0,Personal Auto,FOUR-DOOR CAR,4
ES90681,CALIFORNIA,F,College,241776,51808,61,1,Personal Auto,FOUR-DOOR CAR,351
DW96592,CALIFORNIA,M,Bachelor,804487,71391,67,0,Personal Auto,FOUR-DOOR CAR,284
MT23134,OREGON,M,High School or Below,532572,0,73,0,Personal Auto,TWO-DOOR CAR,496
BM69081,ARIZONA,M,Bachelor,694752,0,100,0,Personal Auto,SUV,925
MB90871,OREGON,F,College,584741,23496,77,0,Special Auto,FOUR-DOOR CAR,13
GT62080,WASHINGTON,M,High School or Below,0,55561,63,0,Personal Auto,FOUR-DOOR CAR,227
QL77686,NEVADA,F,College,472478,23986,119,0,Corporate Auto,SUV,463
ON77827,ARIZONA,F,Master,279022,22974,71,0,Personal Auto,FOUR-DOOR CAR,180
KP18988,OREGON,F,High School or Below,2153133,0,101,0,Personal Auto,FOUR-DOOR CAR,484
TI92884,ARIZONA,M,Bachelor,1262283,61844,106,0,Personal Auto,LUXURY,508
JH73503,ARIZONA,M,Doctor,2017196,24804,73,0,Personal Auto,TWO-DOOR CAR,350
YE97964,CALIFORNIA,F,Bachelor,1646436,27760,104,0,Personal Auto,SUV,302
VA30351,OREGON,F,High School or Below,559538,74454,71,0,Personal Auto,FOUR-DOOR CAR,340
PV55726,OREGON,F,Master,417068,29462,107,1,Personal Auto,SUV,513
UC88305,ARIZONA,F,College,266544,52266,68,0,Corporate Auto,TWO-DOOR CAR,141
TS53809,OREGON,M,Bachelor,709891,0,70,0,Personal Auto,TWO-DOOR CAR,349
ZV32120,CALIFORNIA,M,Doctor,397134,23599,103,0,Corporate Auto,SUV,494
FB80807,OREGON,M,Bachelor,552821,36088,72,0,Personal Auto,FOUR-DOOR CAR,345
AS55677,CALIFORNIA,F,High School or Below,833899,70534,104,0,Personal Auto,FOUR-DOOR CAR,54
WA15684,OREGON,M,College,3844585,27398,125,1,Personal Auto,SUV,600
SA50567,NEVADA,M,Bachelor,544855,85296,68,0,Personal Auto,FOUR-DOOR CAR,342
KJ31611,ARIZONA,M,High School or Below,1080806,31063,92,0,Personal Auto,FOUR-DOOR CAR,441
VL37375,CALIFORNIA,M,Bachelor,618509,0,92,0,Personal Auto,TWO-DOOR CAR,1027
KN21017,NEVADA,M,High School or Below,320822,52367,81,0,Personal Auto,FOUR-DOOR CAR,275
PX44289,ARIZONA,M,College,548010,58651,71,0,Personal Auto,FOUR-DOOR CAR,472
AM97901,NEVADA,F,College,2298615,84831,192,0,Special Auto,LUXURY,1336
RE42925,OREGON,M,Bachelor,1310792,49088,114,1,Corporate Auto,SUV,547
TR81766,CALIFORNIA,F,College,746292,70263,93,0,Corporate Auto,TWO-DOOR CAR,7
CH85057,OREGON,F,Doctor,1146399,45354,285,0,Personal Auto,LUXURY,540
UP71482,ARIZONA,M,High School or Below,723613,0,63,0,Personal Auto,FOUR-DOOR CAR,383
EG40670,CALIFORNIA,F,Bachelor,623268,28334,83,0,Special Auto,FOUR-DOOR CAR,537
HV83672,OREGON,F,Bachelor,2839332,38772,90,0,Personal Auto,FOUR-DOOR CAR,321
MG10140,OREGON,F,College,374675,41479,94,1,Personal Auto,TWO-DOOR CAR,19
TC44716,CALIFORNIA,M,Bachelor,2156933,23909,119,0,Personal Auto,SUV,571
QO65264,CALIFORNIA,M,College,501208,48328,63,0,Personal Auto,TWO-DOOR CAR,108
EB66698,CALIFORNIA,M,High School or Below,337185,86689,85,0,Corporate Auto,TWO-DOOR CAR,408
OT52034,CALIFORNIA,M,Bachelor,386477,24204,99,1,Personal Auto,FOUR-DOOR CAR,707
CH85444,OREGON,M,College,414571,25943,110,0,Corporate Auto,TWO-DOOR CAR,1067
PU85769,CALIFORNIA,M,High School or Below,515607,0,73,0,Personal Auto,FOUR-DOOR CAR,807
UI73201,CALIFORNIA,M,College,366737,62375,92,0,Personal Auto,TWO-DOOR CAR,618
SL50592,CALIFORNIA,F,High School or Below,783568,0,71,0,Corporate Auto,FOUR-DOOR CAR,404
XP11075,ARIZONA,M,Bachelor,1456726,0,148,0,Personal Auto,SUV,710
SI31236,OREGON,M,Bachelor,1017133,70200,65,0,Corporate Auto,FOUR-DOOR CAR,312
JN26745,NEVADA,F,Bachelor,413577,0,112,0,Special Auto,FOUR-DOOR CAR,707
VK48036,OREGON,F,College,551149,79027,70,0,Corporate Auto,FOUR-DOOR CAR,336
JX76668,WASHINGTON,F,High School or Below,1131424,62935,141,0,Personal Auto,LUXURY,232
DS45802,CALIFORNIA,F,High School or Below,541461,26893,68,0,Personal Auto,FOUR-DOOR CAR,68
OA96690,OREGON,F,High School or Below,742159,47406,94,1,Personal Auto,FOUR-DOOR CAR,287
EM27919,CALIFORNIA,M,Bachelor,445811,17622,65,1,Personal Auto,FOUR-DOOR CAR,312
QO41043,OREGON,F,College,1447612,27572,124,0,Corporate Auto,SUV,595
OV50124,OREGON,F,College,493688,0,72,2,Personal Auto,TWO-DOOR CAR,391
PR31642,OREGON,F,Bachelor,452527,32802,114,0,Personal Auto,SUV,547
BU41599,WASHINGTON,F,Master,558176,62739,70,0,Personal Auto,TWO-DOOR CAR,239
TK30357,CALIFORNIA,F,Bachelor,1413434,90844,118,0,Personal Auto,SUV,232
NF31087,NEVADA,F,High School or Below,2472318,44685,69,0,Personal Auto,FOUR-DOOR CAR,331
NH16984,CALIFORNIA,F,Bachelor,283806,0,80,0,Personal Auto,FOUR-DOOR CAR,336
OS75493,CALIFORNIA,F,High School or Below,384848,42589,98,0,Corporate Auto,FOUR-DOOR CAR,470
VT63298,OREGON,M,Bachelor,1950447,0,72,0,Personal Auto,FOUR-DOOR CAR,345
QS75550,WASHINGTON,F,Bachelors,248004,93383,62,0,Corporate Auto,TWO-DOOR CAR,244
SZ16483,ARIZONA,F,High School or Below,436137,79583,109,2,Personal Auto,FOUR-DOOR CAR,523
VM92311,ARIZONA,F,High School or Below,252907,89129,64,0,Personal Auto,FOUR-DOOR CAR,328
NJ46849,ARIZONA,M,College,250444,0,69,0,Personal Auto,FOUR-DOOR CAR,496
WZ31900,OREGON,F,Bachelor,864970,94389,107,0,Corporate Auto,SUV,85
RG30482,OREGON,F,College,1366835,0,197,0,Personal Auto,SUV,1418
ZM86949,OREGON,F,High School or Below,2063508,84106,64,0,Personal Auto,TWO-DOOR CAR,334
QQ39596,ARIZONA,F,College,251753,0,69,0,Personal Auto,FOUR-DOOR CAR,42
FH51383,CALIFORNIA,F,High School or Below,532667,76717,66,0,Personal Auto,TWO-DOOR CAR,300
BJ53923,ARIZONA,M,High School or Below,260027,51978,66,0,Corporate Auto,FOUR-DOOR CAR,144
CZ96653,OREGON,F,Bachelor,853479,47325,107,0,Personal Auto,SUV,64
FB23788,OREGON,M,High School or Below,882883,86721,111,0,Corporate Auto,SUV,532
NT43594,NEVADA,F,Bachelor,224844,24910,63,1,Personal Auto,FOUR-DOOR CAR,347
RJ85627,WASHINGTON,F,Bachelor,1230276,43817,62,1,Personal Auto,FOUR-DOOR CAR,245
KJ86296,OREGON,M,High School or Below,455659,0,73,2,Personal Auto,FOUR-DOOR CAR,525
PI47776,OREGON,F,Bachelor,253070,89451,63,0,Corporate Auto,FOUR-DOOR CAR,61
MD73554,CALIFORNIA,M,College,525198,59537,66,0,Personal Auto,TWO-DOOR CAR,316
UX92071,OREGON,M,High School or Below,674311,0,199,0,Personal Auto,LUXURY,955
YG44474,OREGON,M,College,1401472,54193,117,0,Corporate Auto,SUV,720
UH45301,OREGON,M,College,943891,86946,118,0,Personal Auto,FOUR-DOOR CAR,340
RY92647,CALIFORNIA,F,Bachelor,1050677,0,92,0,Personal Auto,FOUR-DOOR CAR,546
IK12620,ARIZONA,F,High School or Below,421391,12160,109,0,Personal Auto,FOUR-DOOR CAR,489
GQ66762,CALIFORNIA,M,College,477368,33701,63,0,Personal Auto,FOUR-DOOR CAR,171
YT69858,WASHINGTON,F,Bachelor,544142,85702,67,0,Personal Auto,TWO-DOOR CAR,249
XD85577,CALIFORNIA,M,Bachelor,284226,69417,73,1,Personal Auto,FOUR-DOOR CAR,30
TM65736,OREGON,M,Master,305955,38644,78,1,Personal Auto,FOUR-DOOR CAR,361
VJ51327,CALIFORNIA,F,High School or Below,2031499,63209,102,2,Personal Auto,SUV,207
GS98873,ARIZONA,F,Bachelor,323912,16061,88,0,Personal Auto,FOUR-DOOR CAR,633
CW49887,CALIFORNIA,F,Master,462680,79487,114,0,Special Auto,SUV,547
MY31220,CALIFORNIA,F,College,899704,54230,112,0,Personal Auto,TWO-DOOR CAR,537
,,,,0,0,0,0,,,0
